signal_id,Signal,Theme,Theme_Description,Type,Primary_Data_Source,Calculation_Logic,Risk_Threshold,NBA_on_Trigger,Rationale,Metric_Field,Direction,P10,P25,P50,P75,P90,Alert_Threshold_Expr,Critical_Threshold_Expr
S001,Cloud Spend Variance,Cost,"Economic Efficiency, Scalability & Performance",Leading,Product Telemetry,FinOps_Score < 60 or Cloud_Spend_Variance > 15%,finops_score <= 47.000,Launch FinOps review; rightsize compute; negotiate reserved capacity; enable budget alerts.,Correlates with cost impact and time-to-value acceleration.,finops_score,LOWER_IS_RISK,47.0,57.0,69.0,79.0,87.0,finops_score <= 57.000,finops_score <= 47.000
S002,Idle Resource Ratio,Cost,"Economic Efficiency, Scalability & Performance",Lagging,CRM,FinOps_Score < 60 or Cloud_Spend_Variance > 15%,finops_score <= 47.000,Launch FinOps review; rightsize compute; negotiate reserved capacity; enable budget alerts.,Correlates with cost impact and time-to-value acceleration.,finops_score,LOWER_IS_RISK,47.0,57.0,69.0,79.0,87.0,finops_score <= 57.000,finops_score <= 47.000
S003,Reserved Coverage,Cost,"Economic Efficiency, Scalability & Performance",Leading,Support System,FinOps_Score < 60 or Cloud_Spend_Variance > 15%,finops_score <= 47.000,Launch FinOps review; rightsize compute; negotiate reserved capacity; enable budget alerts.,Correlates with cost impact and time-to-value acceleration.,finops_score,LOWER_IS_RISK,47.0,57.0,69.0,79.0,87.0,finops_score <= 57.000,finops_score <= 47.000
S004,Rightsizing Opportunity,Cost,"Economic Efficiency, Scalability & Performance",Leading,Marketing Automation,FinOps_Score < 60 or Cloud_Spend_Variance > 15%,finops_score <= 47.000,Launch FinOps review; rightsize compute; negotiate reserved capacity; enable budget alerts.,Correlates with cost impact and time-to-value acceleration.,finops_score,LOWER_IS_RISK,47.0,57.0,69.0,79.0,87.0,finops_score <= 57.000,finops_score <= 47.000
S005,License Utilization,Cost,"Economic Efficiency, Scalability & Performance",Leading,Compliance Tool,FinOps_Score < 60 or Cloud_Spend_Variance > 15%,finops_score <= 47.000,Launch FinOps review; rightsize compute; negotiate reserved capacity; enable budget alerts.,Correlates with cost impact and time-to-value acceleration.,finops_score,LOWER_IS_RISK,47.0,57.0,69.0,79.0,87.0,finops_score <= 57.000,finops_score <= 47.000
S006,Data Egress Cost Spike,Cost,"Economic Efficiency, Scalability & Performance",Lagging,Product Telemetry,FinOps_Score < 60 or Cloud_Spend_Variance > 15%,finops_score <= 47.000,Launch FinOps review; rightsize compute; negotiate reserved capacity; enable budget alerts.,Correlates with cost impact and time-to-value acceleration.,finops_score,LOWER_IS_RISK,47.0,57.0,69.0,79.0,87.0,finops_score <= 57.000,finops_score <= 47.000
S007,Savings Plan Coverage,Cost,"Economic Efficiency, Scalability & Performance",Leading,Billing,FinOps_Score < 60 or Cloud_Spend_Variance > 15%,finops_score <= 47.000,Launch FinOps review; rightsize compute; negotiate reserved capacity; enable budget alerts.,Correlates with cost impact and time-to-value acceleration.,finops_score,LOWER_IS_RISK,47.0,57.0,69.0,79.0,87.0,finops_score <= 57.000,finops_score <= 47.000
S008,Storage Tier Mix,Cost,"Economic Efficiency, Scalability & Performance",Leading,CRM,FinOps_Score < 60 or Cloud_Spend_Variance > 15%,finops_score <= 47.000,Launch FinOps review; rightsize compute; negotiate reserved capacity; enable budget alerts.,Correlates with cost impact and time-to-value acceleration.,finops_score,LOWER_IS_RISK,47.0,57.0,69.0,79.0,87.0,finops_score <= 57.000,finops_score <= 47.000
S009,CPU Utilization,Cost,"Economic Efficiency, Scalability & Performance",Leading,Identity/SSO,FinOps_Score < 60 or Cloud_Spend_Variance > 15%,finops_score <= 47.000,Launch FinOps review; rightsize compute; negotiate reserved capacity; enable budget alerts.,Correlates with cost impact and time-to-value acceleration.,finops_score,LOWER_IS_RISK,47.0,57.0,69.0,79.0,87.0,finops_score <= 57.000,finops_score <= 47.000
S010,GPU Utilization,Cost,"Economic Efficiency, Scalability & Performance",Leading,Usage Analytics,FinOps_Score < 60 or Cloud_Spend_Variance > 15%,finops_score <= 47.000,Launch FinOps review; rightsize compute; negotiate reserved capacity; enable budget alerts.,Correlates with cost impact and time-to-value acceleration.,finops_score,LOWER_IS_RISK,47.0,57.0,69.0,79.0,87.0,finops_score <= 57.000,finops_score <= 47.000
S011,Commitment Burn Rate,Cost,"Economic Efficiency, Scalability & Performance",Lagging,CRM,FinOps_Score < 60 or Cloud_Spend_Variance > 15%,finops_score <= 47.000,Launch FinOps review; rightsize compute; negotiate reserved capacity; enable budget alerts.,Correlates with cost impact and time-to-value acceleration.,finops_score,LOWER_IS_RISK,47.0,57.0,69.0,79.0,87.0,finops_score <= 57.000,finops_score <= 47.000
S012,Unit Cost per Active User,Cost,"Economic Efficiency, Scalability & Performance",Lagging,Compliance Tool,FinOps_Score < 60 or Cloud_Spend_Variance > 15%,finops_score <= 47.000,Launch FinOps review; rightsize compute; negotiate reserved capacity; enable budget alerts.,Correlates with cost impact and time-to-value acceleration.,finops_score,LOWER_IS_RISK,47.0,57.0,69.0,79.0,87.0,finops_score <= 57.000,finops_score <= 47.000
S013,FinOps Score,Cost,"Economic Efficiency, Scalability & Performance",Lagging,Finance ERP,FinOps_Score < 60 or Cloud_Spend_Variance > 15%,finops_score <= 47.000,Launch FinOps review; rightsize compute; negotiate reserved capacity; enable budget alerts.,Correlates with cost impact and time-to-value acceleration.,finops_score,LOWER_IS_RISK,47.0,57.0,69.0,79.0,87.0,finops_score <= 57.000,finops_score <= 47.000
S014,Tagging Compliance,Cost,"Economic Efficiency, Scalability & Performance",Leading,Finance ERP,FinOps_Score < 60 or Cloud_Spend_Variance > 15%,compliance_status == 'AtRisk',Launch FinOps review; rightsize compute; negotiate reserved capacity; enable budget alerts.,Correlates with cost impact and time-to-value acceleration.,compliance_status,CATEGORICAL,,,,,,compliance_status == 'AtRisk',compliance_status == 'AtRisk'
S015,SaaS Seats Utilization,Cost,"Economic Efficiency, Scalability & Performance",Leading,Usage Analytics,FinOps_Score < 60 or Cloud_Spend_Variance > 15%,finops_score <= 47.000,Launch FinOps review; rightsize compute; negotiate reserved capacity; enable budget alerts.,Correlates with cost impact and time-to-value acceleration.,finops_score,LOWER_IS_RISK,47.0,57.0,69.0,79.0,87.0,finops_score <= 57.000,finops_score <= 47.000
S016,Invoice Dispute Rate,Cost,"Economic Efficiency, Scalability & Performance",Lagging,Security SIEM,FinOps_Score < 60 or Cloud_Spend_Variance > 15%,finops_score <= 47.000,Launch FinOps review; rightsize compute; negotiate reserved capacity; enable budget alerts.,Correlates with cost impact and time-to-value acceleration.,finops_score,LOWER_IS_RISK,47.0,57.0,69.0,79.0,87.0,finops_score <= 57.000,finops_score <= 47.000
S017,Forecast Accuracy,Cost,"Economic Efficiency, Scalability & Performance",Lagging,Support System,FinOps_Score < 60 or Cloud_Spend_Variance > 15%,finops_score <= 47.000,Launch FinOps review; rightsize compute; negotiate reserved capacity; enable budget alerts.,Correlates with cost impact and time-to-value acceleration.,finops_score,LOWER_IS_RISK,47.0,57.0,69.0,79.0,87.0,finops_score <= 57.000,finops_score <= 47.000
S018,Host Density,Cost,"Economic Efficiency, Scalability & Performance",Leading,Finance ERP,FinOps_Score < 60 or Cloud_Spend_Variance > 15%,finops_score <= 47.000,Launch FinOps review; rightsize compute; negotiate reserved capacity; enable budget alerts.,Correlates with cost impact and time-to-value acceleration.,finops_score,LOWER_IS_RISK,47.0,57.0,69.0,79.0,87.0,finops_score <= 57.000,finops_score <= 47.000
S019,Spot/Preemptible Usage,Cost,"Economic Efficiency, Scalability & Performance",Lagging,Billing,FinOps_Score < 60 or Cloud_Spend_Variance > 15%,adoption_rate_pct <= 17.388,Launch FinOps review; rightsize compute; negotiate reserved capacity; enable budget alerts.,Correlates with cost impact and time-to-value acceleration.,adoption_rate_pct,LOWER_IS_RISK,17.388,29.37,48.79,70.645,83.317,adoption_rate_pct <= 29.370,adoption_rate_pct <= 17.388
S020,Environment Duplication,Cost,"Economic Efficiency, Scalability & Performance",Leading,DevOps Tooling,FinOps_Score < 60 or Cloud_Spend_Variance > 15%,finops_score <= 47.000,Launch FinOps review; rightsize compute; negotiate reserved capacity; enable budget alerts.,Correlates with cost impact and time-to-value acceleration.,finops_score,LOWER_IS_RISK,47.0,57.0,69.0,79.0,87.0,finops_score <= 57.000,finops_score <= 47.000
S021,Cost Signal 21,Cost,"Economic Efficiency, Scalability & Performance",Leading,Security SIEM,FinOps_Score < 60 or Cloud_Spend_Variance > 15%,finops_score <= 47.000,Launch FinOps review; rightsize compute; negotiate reserved capacity; enable budget alerts.,Correlates with cost impact and time-to-value acceleration.,finops_score,LOWER_IS_RISK,47.0,57.0,69.0,79.0,87.0,finops_score <= 57.000,finops_score <= 47.000
S022,Cost Signal 22,Cost,"Economic Efficiency, Scalability & Performance",Lagging,Compliance Tool,FinOps_Score < 60 or Cloud_Spend_Variance > 15%,finops_score <= 47.000,Launch FinOps review; rightsize compute; negotiate reserved capacity; enable budget alerts.,Correlates with cost impact and time-to-value acceleration.,finops_score,LOWER_IS_RISK,47.0,57.0,69.0,79.0,87.0,finops_score <= 57.000,finops_score <= 47.000
S023,Cost Signal 23,Cost,"Economic Efficiency, Scalability & Performance",Lagging,Finance ERP,FinOps_Score < 60 or Cloud_Spend_Variance > 15%,finops_score <= 47.000,Launch FinOps review; rightsize compute; negotiate reserved capacity; enable budget alerts.,Correlates with cost impact and time-to-value acceleration.,finops_score,LOWER_IS_RISK,47.0,57.0,69.0,79.0,87.0,finops_score <= 57.000,finops_score <= 47.000
S024,Cost Signal 24,Cost,"Economic Efficiency, Scalability & Performance",Leading,Usage Analytics,FinOps_Score < 60 or Cloud_Spend_Variance > 15%,finops_score <= 47.000,Launch FinOps review; rightsize compute; negotiate reserved capacity; enable budget alerts.,Correlates with cost impact and time-to-value acceleration.,finops_score,LOWER_IS_RISK,47.0,57.0,69.0,79.0,87.0,finops_score <= 57.000,finops_score <= 47.000
S025,Cost Signal 25,Cost,"Economic Efficiency, Scalability & Performance",Lagging,Identity/SSO,FinOps_Score < 60 or Cloud_Spend_Variance > 15%,finops_score <= 47.000,Launch FinOps review; rightsize compute; negotiate reserved capacity; enable budget alerts.,Correlates with cost impact and time-to-value acceleration.,finops_score,LOWER_IS_RISK,47.0,57.0,69.0,79.0,87.0,finops_score <= 57.000,finops_score <= 47.000
S026,Cost Signal 26,Cost,"Economic Efficiency, Scalability & Performance",Leading,CDP,FinOps_Score < 60 or Cloud_Spend_Variance > 15%,finops_score <= 47.000,Launch FinOps review; rightsize compute; negotiate reserved capacity; enable budget alerts.,Correlates with cost impact and time-to-value acceleration.,finops_score,LOWER_IS_RISK,47.0,57.0,69.0,79.0,87.0,finops_score <= 57.000,finops_score <= 47.000
S027,Cost Signal 27,Cost,"Economic Efficiency, Scalability & Performance",Lagging,Billing,FinOps_Score < 60 or Cloud_Spend_Variance > 15%,finops_score <= 47.000,Launch FinOps review; rightsize compute; negotiate reserved capacity; enable budget alerts.,Correlates with cost impact and time-to-value acceleration.,finops_score,LOWER_IS_RISK,47.0,57.0,69.0,79.0,87.0,finops_score <= 57.000,finops_score <= 47.000
S028,Cost Signal 28,Cost,"Economic Efficiency, Scalability & Performance",Lagging,Learning LMS,FinOps_Score < 60 or Cloud_Spend_Variance > 15%,finops_score <= 47.000,Launch FinOps review; rightsize compute; negotiate reserved capacity; enable budget alerts.,Correlates with cost impact and time-to-value acceleration.,finops_score,LOWER_IS_RISK,47.0,57.0,69.0,79.0,87.0,finops_score <= 57.000,finops_score <= 47.000
S029,Cost Signal 29,Cost,"Economic Efficiency, Scalability & Performance",Lagging,Compliance Tool,FinOps_Score < 60 or Cloud_Spend_Variance > 15%,finops_score <= 47.000,Launch FinOps review; rightsize compute; negotiate reserved capacity; enable budget alerts.,Correlates with cost impact and time-to-value acceleration.,finops_score,LOWER_IS_RISK,47.0,57.0,69.0,79.0,87.0,finops_score <= 57.000,finops_score <= 47.000
S030,Cost Signal 30,Cost,"Economic Efficiency, Scalability & Performance",Leading,Usage Analytics,FinOps_Score < 60 or Cloud_Spend_Variance > 15%,finops_score <= 47.000,Launch FinOps review; rightsize compute; negotiate reserved capacity; enable budget alerts.,Correlates with cost impact and time-to-value acceleration.,finops_score,LOWER_IS_RISK,47.0,57.0,69.0,79.0,87.0,finops_score <= 57.000,finops_score <= 47.000
S031,Cost Signal 31,Cost,"Economic Efficiency, Scalability & Performance",Leading,Product Telemetry,FinOps_Score < 60 or Cloud_Spend_Variance > 15%,finops_score <= 47.000,Launch FinOps review; rightsize compute; negotiate reserved capacity; enable budget alerts.,Correlates with cost impact and time-to-value acceleration.,finops_score,LOWER_IS_RISK,47.0,57.0,69.0,79.0,87.0,finops_score <= 57.000,finops_score <= 47.000
S032,Cost Signal 32,Cost,"Economic Efficiency, Scalability & Performance",Leading,Finance ERP,FinOps_Score < 60 or Cloud_Spend_Variance > 15%,finops_score <= 47.000,Launch FinOps review; rightsize compute; negotiate reserved capacity; enable budget alerts.,Correlates with cost impact and time-to-value acceleration.,finops_score,LOWER_IS_RISK,47.0,57.0,69.0,79.0,87.0,finops_score <= 57.000,finops_score <= 47.000
S033,Cost Signal 33,Cost,"Economic Efficiency, Scalability & Performance",Lagging,Billing,FinOps_Score < 60 or Cloud_Spend_Variance > 15%,finops_score <= 47.000,Launch FinOps review; rightsize compute; negotiate reserved capacity; enable budget alerts.,Correlates with cost impact and time-to-value acceleration.,finops_score,LOWER_IS_RISK,47.0,57.0,69.0,79.0,87.0,finops_score <= 57.000,finops_score <= 47.000
S034,Cost Signal 34,Cost,"Economic Efficiency, Scalability & Performance",Leading,Learning LMS,FinOps_Score < 60 or Cloud_Spend_Variance > 15%,finops_score <= 47.000,Launch FinOps review; rightsize compute; negotiate reserved capacity; enable budget alerts.,Correlates with cost impact and time-to-value acceleration.,finops_score,LOWER_IS_RISK,47.0,57.0,69.0,79.0,87.0,finops_score <= 57.000,finops_score <= 47.000
S035,Cost Signal 35,Cost,"Economic Efficiency, Scalability & Performance",Leading,DevOps Tooling,FinOps_Score < 60 or Cloud_Spend_Variance > 15%,finops_score <= 47.000,Launch FinOps review; rightsize compute; negotiate reserved capacity; enable budget alerts.,Correlates with cost impact and time-to-value acceleration.,finops_score,LOWER_IS_RISK,47.0,57.0,69.0,79.0,87.0,finops_score <= 57.000,finops_score <= 47.000
S036,Cost Signal 36,Cost,"Economic Efficiency, Scalability & Performance",Lagging,AIOps,FinOps_Score < 60 or Cloud_Spend_Variance > 15%,finops_score <= 47.000,Launch FinOps review; rightsize compute; negotiate reserved capacity; enable budget alerts.,Correlates with cost impact and time-to-value acceleration.,finops_score,LOWER_IS_RISK,47.0,57.0,69.0,79.0,87.0,finops_score <= 57.000,finops_score <= 47.000
S037,Cost Signal 37,Cost,"Economic Efficiency, Scalability & Performance",Lagging,Support System,FinOps_Score < 60 or Cloud_Spend_Variance > 15%,finops_score <= 47.000,Launch FinOps review; rightsize compute; negotiate reserved capacity; enable budget alerts.,Correlates with cost impact and time-to-value acceleration.,finops_score,LOWER_IS_RISK,47.0,57.0,69.0,79.0,87.0,finops_score <= 57.000,finops_score <= 47.000
S038,Cost Signal 38,Cost,"Economic Efficiency, Scalability & Performance",Lagging,Security SIEM,FinOps_Score < 60 or Cloud_Spend_Variance > 15%,finops_score <= 47.000,Launch FinOps review; rightsize compute; negotiate reserved capacity; enable budget alerts.,Correlates with cost impact and time-to-value acceleration.,finops_score,LOWER_IS_RISK,47.0,57.0,69.0,79.0,87.0,finops_score <= 57.000,finops_score <= 47.000
S039,Cost Signal 39,Cost,"Economic Efficiency, Scalability & Performance",Leading,Marketing Automation,FinOps_Score < 60 or Cloud_Spend_Variance > 15%,finops_score <= 47.000,Launch FinOps review; rightsize compute; negotiate reserved capacity; enable budget alerts.,Correlates with cost impact and time-to-value acceleration.,finops_score,LOWER_IS_RISK,47.0,57.0,69.0,79.0,87.0,finops_score <= 57.000,finops_score <= 47.000
S040,Cost Signal 40,Cost,"Economic Efficiency, Scalability & Performance",Lagging,Usage Analytics,FinOps_Score < 60 or Cloud_Spend_Variance > 15%,finops_score <= 47.000,Launch FinOps review; rightsize compute; negotiate reserved capacity; enable budget alerts.,Correlates with cost impact and time-to-value acceleration.,finops_score,LOWER_IS_RISK,47.0,57.0,69.0,79.0,87.0,finops_score <= 57.000,finops_score <= 47.000
S041,Release Frequency,Agility,Agility & Speed to Market / Modern App,Leading,Compliance Tool,Release_Cycle_Time > 14 days or Lead_Time_Change > 10 days,time_to_value_days >= 33.000,Run value-stream mapping; enable CI/CD coaching; reduce WIP; deploy feature toggle for faster iteration.,Correlates with agility impact and time-to-value acceleration.,time_to_value_days,HIGHER_IS_RISK,6.900000000000002,13.75,21.0,28.0,33.0,time_to_value_days >= 28.000,time_to_value_days >= 33.000
S042,Lead Time for Changes,Agility,Agility & Speed to Market / Modern App,Leading,Identity/SSO,Release_Cycle_Time > 14 days or Lead_Time_Change > 10 days,time_to_value_days >= 33.000,Run value-stream mapping; enable CI/CD coaching; reduce WIP; deploy feature toggle for faster iteration.,Correlates with agility impact and time-to-value acceleration.,time_to_value_days,HIGHER_IS_RISK,6.900000000000002,13.75,21.0,28.0,33.0,time_to_value_days >= 28.000,time_to_value_days >= 33.000
S043,Change Failure Rate,Agility,Agility & Speed to Market / Modern App,Leading,Support System,Release_Cycle_Time > 14 days or Lead_Time_Change > 10 days,time_to_value_days >= 33.000,Run value-stream mapping; enable CI/CD coaching; reduce WIP; deploy feature toggle for faster iteration.,Correlates with agility impact and time-to-value acceleration.,time_to_value_days,HIGHER_IS_RISK,6.900000000000002,13.75,21.0,28.0,33.0,time_to_value_days >= 28.000,time_to_value_days >= 33.000
S044,MTTR Application,Agility,Agility & Speed to Market / Modern App,Lagging,DevOps Tooling,Release_Cycle_Time > 14 days or Lead_Time_Change > 10 days,mean_resolution_time_hours >= 29.100,Run value-stream mapping; enable CI/CD coaching; reduce WIP; deploy feature toggle for faster iteration.,Correlates with agility impact and time-to-value acceleration.,mean_resolution_time_hours,HIGHER_IS_RISK,7.49,12.674999999999999,17.8,23.55,29.1,mean_resolution_time_hours >= 23.550,mean_resolution_time_hours >= 29.100
S045,Deployment Automation Coverage,Agility,Agility & Speed to Market / Modern App,Lagging,CDP,Release_Cycle_Time > 14 days or Lead_Time_Change > 10 days,finops_score <= 47.000,Run value-stream mapping; enable CI/CD coaching; reduce WIP; deploy feature toggle for faster iteration.,Correlates with agility impact and time-to-value acceleration.,finops_score,LOWER_IS_RISK,47.0,57.0,69.0,79.0,87.0,finops_score <= 57.000,finops_score <= 47.000
S046,API Time-to-First-Call,Agility,Agility & Speed to Market / Modern App,Leading,Marketing Automation,Release_Cycle_Time > 14 days or Lead_Time_Change > 10 days,time_to_value_days >= 33.000,Run value-stream mapping; enable CI/CD coaching; reduce WIP; deploy feature toggle for faster iteration.,Correlates with agility impact and time-to-value acceleration.,time_to_value_days,HIGHER_IS_RISK,6.900000000000002,13.75,21.0,28.0,33.0,time_to_value_days >= 28.000,time_to_value_days >= 33.000
S047,Onboarding TTV,Agility,Agility & Speed to Market / Modern App,Lagging,Learning LMS,Release_Cycle_Time > 14 days or Lead_Time_Change > 10 days,time_to_value_days >= 33.000,Run value-stream mapping; enable CI/CD coaching; reduce WIP; deploy feature toggle for faster iteration.,Correlates with agility impact and time-to-value acceleration.,time_to_value_days,HIGHER_IS_RISK,6.900000000000002,13.75,21.0,28.0,33.0,time_to_value_days >= 28.000,time_to_value_days >= 33.000
S048,Feature Cycle Time,Agility,Agility & Speed to Market / Modern App,Leading,CRM,Release_Cycle_Time > 14 days or Lead_Time_Change > 10 days,time_to_value_days >= 33.000,Run value-stream mapping; enable CI/CD coaching; reduce WIP; deploy feature toggle for faster iteration.,Correlates with agility impact and time-to-value acceleration.,time_to_value_days,HIGHER_IS_RISK,6.900000000000002,13.75,21.0,28.0,33.0,time_to_value_days >= 28.000,time_to_value_days >= 33.000
S049,Backlog Age > 90d,Agility,Agility & Speed to Market / Modern App,Leading,Finance ERP,Release_Cycle_Time > 14 days or Lead_Time_Change > 10 days,time_to_value_days >= 33.000,Run value-stream mapping; enable CI/CD coaching; reduce WIP; deploy feature toggle for faster iteration.,Correlates with agility impact and time-to-value acceleration.,time_to_value_days,HIGHER_IS_RISK,6.900000000000002,13.75,21.0,28.0,33.0,time_to_value_days >= 28.000,time_to_value_days >= 33.000
S050,Experiment Velocity,Agility,Agility & Speed to Market / Modern App,Lagging,DevOps Tooling,Release_Cycle_Time > 14 days or Lead_Time_Change > 10 days,time_to_value_days >= 33.000,Run value-stream mapping; enable CI/CD coaching; reduce WIP; deploy feature toggle for faster iteration.,Correlates with agility impact and time-to-value acceleration.,time_to_value_days,HIGHER_IS_RISK,6.900000000000002,13.75,21.0,28.0,33.0,time_to_value_days >= 28.000,time_to_value_days >= 33.000
S051,Blue/Green Coverage,Agility,Agility & Speed to Market / Modern App,Lagging,Billing,Release_Cycle_Time > 14 days or Lead_Time_Change > 10 days,finops_score <= 47.000,Run value-stream mapping; enable CI/CD coaching; reduce WIP; deploy feature toggle for faster iteration.,Correlates with agility impact and time-to-value acceleration.,finops_score,LOWER_IS_RISK,47.0,57.0,69.0,79.0,87.0,finops_score <= 57.000,finops_score <= 47.000
S052,Canary Adoption,Agility,Agility & Speed to Market / Modern App,Leading,CDP,Release_Cycle_Time > 14 days or Lead_Time_Change > 10 days,adoption_rate_pct <= 17.388,Run value-stream mapping; enable CI/CD coaching; reduce WIP; deploy feature toggle for faster iteration.,Correlates with agility impact and time-to-value acceleration.,adoption_rate_pct,LOWER_IS_RISK,17.388,29.37,48.79,70.645,83.317,adoption_rate_pct <= 29.370,adoption_rate_pct <= 17.388
S053,Trunk-Based Adoption,Agility,Agility & Speed to Market / Modern App,Lagging,CRM,Release_Cycle_Time > 14 days or Lead_Time_Change > 10 days,adoption_rate_pct <= 17.388,Run value-stream mapping; enable CI/CD coaching; reduce WIP; deploy feature toggle for faster iteration.,Correlates with agility impact and time-to-value acceleration.,adoption_rate_pct,LOWER_IS_RISK,17.388,29.37,48.79,70.645,83.317,adoption_rate_pct <= 29.370,adoption_rate_pct <= 17.388
S054,Infrastructure-as-Code Coverage,Agility,Agility & Speed to Market / Modern App,Lagging,DevOps Tooling,Release_Cycle_Time > 14 days or Lead_Time_Change > 10 days,finops_score <= 47.000,Run value-stream mapping; enable CI/CD coaching; reduce WIP; deploy feature toggle for faster iteration.,Correlates with agility impact and time-to-value acceleration.,finops_score,LOWER_IS_RISK,47.0,57.0,69.0,79.0,87.0,finops_score <= 57.000,finops_score <= 47.000
S055,Build Time P95,Agility,Agility & Speed to Market / Modern App,Lagging,Support System,Release_Cycle_Time > 14 days or Lead_Time_Change > 10 days,time_to_value_days >= 33.000,Run value-stream mapping; enable CI/CD coaching; reduce WIP; deploy feature toggle for faster iteration.,Correlates with agility impact and time-to-value acceleration.,time_to_value_days,HIGHER_IS_RISK,6.900000000000002,13.75,21.0,28.0,33.0,time_to_value_days >= 28.000,time_to_value_days >= 33.000
S056,Test Automation Coverage,Agility,Agility & Speed to Market / Modern App,Lagging,Support System,Release_Cycle_Time > 14 days or Lead_Time_Change > 10 days,finops_score <= 47.000,Run value-stream mapping; enable CI/CD coaching; reduce WIP; deploy feature toggle for faster iteration.,Correlates with agility impact and time-to-value acceleration.,finops_score,LOWER_IS_RISK,47.0,57.0,69.0,79.0,87.0,finops_score <= 57.000,finops_score <= 47.000
S057,Rollback Time,Agility,Agility & Speed to Market / Modern App,Leading,Usage Analytics,Release_Cycle_Time > 14 days or Lead_Time_Change > 10 days,time_to_value_days >= 33.000,Run value-stream mapping; enable CI/CD coaching; reduce WIP; deploy feature toggle for faster iteration.,Correlates with agility impact and time-to-value acceleration.,time_to_value_days,HIGHER_IS_RISK,6.900000000000002,13.75,21.0,28.0,33.0,time_to_value_days >= 28.000,time_to_value_days >= 33.000
S058,Hotfix Frequency,Agility,Agility & Speed to Market / Modern App,Lagging,Usage Analytics,Release_Cycle_Time > 14 days or Lead_Time_Change > 10 days,time_to_value_days >= 33.000,Run value-stream mapping; enable CI/CD coaching; reduce WIP; deploy feature toggle for faster iteration.,Correlates with agility impact and time-to-value acceleration.,time_to_value_days,HIGHER_IS_RISK,6.900000000000002,13.75,21.0,28.0,33.0,time_to_value_days >= 28.000,time_to_value_days >= 33.000
S059,SRE Toil Hours,Agility,Agility & Speed to Market / Modern App,Lagging,CDP,Release_Cycle_Time > 14 days or Lead_Time_Change > 10 days,time_to_value_days >= 33.000,Run value-stream mapping; enable CI/CD coaching; reduce WIP; deploy feature toggle for faster iteration.,Correlates with agility impact and time-to-value acceleration.,time_to_value_days,HIGHER_IS_RISK,6.900000000000002,13.75,21.0,28.0,33.0,time_to_value_days >= 28.000,time_to_value_days >= 33.000
S060,Service Catalog Coverage,Agility,Agility & Speed to Market / Modern App,Lagging,Security SIEM,Release_Cycle_Time > 14 days or Lead_Time_Change > 10 days,finops_score <= 47.000,Run value-stream mapping; enable CI/CD coaching; reduce WIP; deploy feature toggle for faster iteration.,Correlates with agility impact and time-to-value acceleration.,finops_score,LOWER_IS_RISK,47.0,57.0,69.0,79.0,87.0,finops_score <= 57.000,finops_score <= 47.000
S061,Agility Signal 21,Agility,Agility & Speed to Market / Modern App,Leading,Support System,Release_Cycle_Time > 14 days or Lead_Time_Change > 10 days,time_to_value_days >= 33.000,Run value-stream mapping; enable CI/CD coaching; reduce WIP; deploy feature toggle for faster iteration.,Correlates with agility impact and time-to-value acceleration.,time_to_value_days,HIGHER_IS_RISK,6.900000000000002,13.75,21.0,28.0,33.0,time_to_value_days >= 28.000,time_to_value_days >= 33.000
S062,Agility Signal 22,Agility,Agility & Speed to Market / Modern App,Lagging,Billing,Release_Cycle_Time > 14 days or Lead_Time_Change > 10 days,time_to_value_days >= 33.000,Run value-stream mapping; enable CI/CD coaching; reduce WIP; deploy feature toggle for faster iteration.,Correlates with agility impact and time-to-value acceleration.,time_to_value_days,HIGHER_IS_RISK,6.900000000000002,13.75,21.0,28.0,33.0,time_to_value_days >= 28.000,time_to_value_days >= 33.000
S063,Agility Signal 23,Agility,Agility & Speed to Market / Modern App,Leading,Learning LMS,Release_Cycle_Time > 14 days or Lead_Time_Change > 10 days,time_to_value_days >= 33.000,Run value-stream mapping; enable CI/CD coaching; reduce WIP; deploy feature toggle for faster iteration.,Correlates with agility impact and time-to-value acceleration.,time_to_value_days,HIGHER_IS_RISK,6.900000000000002,13.75,21.0,28.0,33.0,time_to_value_days >= 28.000,time_to_value_days >= 33.000
S064,Agility Signal 24,Agility,Agility & Speed to Market / Modern App,Leading,Support System,Release_Cycle_Time > 14 days or Lead_Time_Change > 10 days,time_to_value_days >= 33.000,Run value-stream mapping; enable CI/CD coaching; reduce WIP; deploy feature toggle for faster iteration.,Correlates with agility impact and time-to-value acceleration.,time_to_value_days,HIGHER_IS_RISK,6.900000000000002,13.75,21.0,28.0,33.0,time_to_value_days >= 28.000,time_to_value_days >= 33.000
S065,Agility Signal 25,Agility,Agility & Speed to Market / Modern App,Leading,Finance ERP,Release_Cycle_Time > 14 days or Lead_Time_Change > 10 days,time_to_value_days >= 33.000,Run value-stream mapping; enable CI/CD coaching; reduce WIP; deploy feature toggle for faster iteration.,Correlates with agility impact and time-to-value acceleration.,time_to_value_days,HIGHER_IS_RISK,6.900000000000002,13.75,21.0,28.0,33.0,time_to_value_days >= 28.000,time_to_value_days >= 33.000
S066,Agility Signal 26,Agility,Agility & Speed to Market / Modern App,Lagging,Compliance Tool,Release_Cycle_Time > 14 days or Lead_Time_Change > 10 days,time_to_value_days >= 33.000,Run value-stream mapping; enable CI/CD coaching; reduce WIP; deploy feature toggle for faster iteration.,Correlates with agility impact and time-to-value acceleration.,time_to_value_days,HIGHER_IS_RISK,6.900000000000002,13.75,21.0,28.0,33.0,time_to_value_days >= 28.000,time_to_value_days >= 33.000
S067,Agility Signal 27,Agility,Agility & Speed to Market / Modern App,Leading,DevOps Tooling,Release_Cycle_Time > 14 days or Lead_Time_Change > 10 days,time_to_value_days >= 33.000,Run value-stream mapping; enable CI/CD coaching; reduce WIP; deploy feature toggle for faster iteration.,Correlates with agility impact and time-to-value acceleration.,time_to_value_days,HIGHER_IS_RISK,6.900000000000002,13.75,21.0,28.0,33.0,time_to_value_days >= 28.000,time_to_value_days >= 33.000
S068,Agility Signal 28,Agility,Agility & Speed to Market / Modern App,Lagging,Compliance Tool,Release_Cycle_Time > 14 days or Lead_Time_Change > 10 days,time_to_value_days >= 33.000,Run value-stream mapping; enable CI/CD coaching; reduce WIP; deploy feature toggle for faster iteration.,Correlates with agility impact and time-to-value acceleration.,time_to_value_days,HIGHER_IS_RISK,6.900000000000002,13.75,21.0,28.0,33.0,time_to_value_days >= 28.000,time_to_value_days >= 33.000
S069,Agility Signal 29,Agility,Agility & Speed to Market / Modern App,Lagging,Identity/SSO,Release_Cycle_Time > 14 days or Lead_Time_Change > 10 days,time_to_value_days >= 33.000,Run value-stream mapping; enable CI/CD coaching; reduce WIP; deploy feature toggle for faster iteration.,Correlates with agility impact and time-to-value acceleration.,time_to_value_days,HIGHER_IS_RISK,6.900000000000002,13.75,21.0,28.0,33.0,time_to_value_days >= 28.000,time_to_value_days >= 33.000
S070,Agility Signal 30,Agility,Agility & Speed to Market / Modern App,Lagging,Identity/SSO,Release_Cycle_Time > 14 days or Lead_Time_Change > 10 days,time_to_value_days >= 33.000,Run value-stream mapping; enable CI/CD coaching; reduce WIP; deploy feature toggle for faster iteration.,Correlates with agility impact and time-to-value acceleration.,time_to_value_days,HIGHER_IS_RISK,6.900000000000002,13.75,21.0,28.0,33.0,time_to_value_days >= 28.000,time_to_value_days >= 33.000
S071,Agility Signal 31,Agility,Agility & Speed to Market / Modern App,Leading,Marketing Automation,Release_Cycle_Time > 14 days or Lead_Time_Change > 10 days,time_to_value_days >= 33.000,Run value-stream mapping; enable CI/CD coaching; reduce WIP; deploy feature toggle for faster iteration.,Correlates with agility impact and time-to-value acceleration.,time_to_value_days,HIGHER_IS_RISK,6.900000000000002,13.75,21.0,28.0,33.0,time_to_value_days >= 28.000,time_to_value_days >= 33.000
S072,Agility Signal 32,Agility,Agility & Speed to Market / Modern App,Leading,Marketing Automation,Release_Cycle_Time > 14 days or Lead_Time_Change > 10 days,time_to_value_days >= 33.000,Run value-stream mapping; enable CI/CD coaching; reduce WIP; deploy feature toggle for faster iteration.,Correlates with agility impact and time-to-value acceleration.,time_to_value_days,HIGHER_IS_RISK,6.900000000000002,13.75,21.0,28.0,33.0,time_to_value_days >= 28.000,time_to_value_days >= 33.000
S073,Agility Signal 33,Agility,Agility & Speed to Market / Modern App,Lagging,Finance ERP,Release_Cycle_Time > 14 days or Lead_Time_Change > 10 days,time_to_value_days >= 33.000,Run value-stream mapping; enable CI/CD coaching; reduce WIP; deploy feature toggle for faster iteration.,Correlates with agility impact and time-to-value acceleration.,time_to_value_days,HIGHER_IS_RISK,6.900000000000002,13.75,21.0,28.0,33.0,time_to_value_days >= 28.000,time_to_value_days >= 33.000
S074,Agility Signal 34,Agility,Agility & Speed to Market / Modern App,Lagging,Billing,Release_Cycle_Time > 14 days or Lead_Time_Change > 10 days,time_to_value_days >= 33.000,Run value-stream mapping; enable CI/CD coaching; reduce WIP; deploy feature toggle for faster iteration.,Correlates with agility impact and time-to-value acceleration.,time_to_value_days,HIGHER_IS_RISK,6.900000000000002,13.75,21.0,28.0,33.0,time_to_value_days >= 28.000,time_to_value_days >= 33.000
S075,Agility Signal 35,Agility,Agility & Speed to Market / Modern App,Lagging,DevOps Tooling,Release_Cycle_Time > 14 days or Lead_Time_Change > 10 days,time_to_value_days >= 33.000,Run value-stream mapping; enable CI/CD coaching; reduce WIP; deploy feature toggle for faster iteration.,Correlates with agility impact and time-to-value acceleration.,time_to_value_days,HIGHER_IS_RISK,6.900000000000002,13.75,21.0,28.0,33.0,time_to_value_days >= 28.000,time_to_value_days >= 33.000
S076,Agility Signal 36,Agility,Agility & Speed to Market / Modern App,Leading,AIOps,Release_Cycle_Time > 14 days or Lead_Time_Change > 10 days,time_to_value_days >= 33.000,Run value-stream mapping; enable CI/CD coaching; reduce WIP; deploy feature toggle for faster iteration.,Correlates with agility impact and time-to-value acceleration.,time_to_value_days,HIGHER_IS_RISK,6.900000000000002,13.75,21.0,28.0,33.0,time_to_value_days >= 28.000,time_to_value_days >= 33.000
S077,Agility Signal 37,Agility,Agility & Speed to Market / Modern App,Leading,Usage Analytics,Release_Cycle_Time > 14 days or Lead_Time_Change > 10 days,time_to_value_days >= 33.000,Run value-stream mapping; enable CI/CD coaching; reduce WIP; deploy feature toggle for faster iteration.,Correlates with agility impact and time-to-value acceleration.,time_to_value_days,HIGHER_IS_RISK,6.900000000000002,13.75,21.0,28.0,33.0,time_to_value_days >= 28.000,time_to_value_days >= 33.000
S078,Agility Signal 38,Agility,Agility & Speed to Market / Modern App,Lagging,Identity/SSO,Release_Cycle_Time > 14 days or Lead_Time_Change > 10 days,time_to_value_days >= 33.000,Run value-stream mapping; enable CI/CD coaching; reduce WIP; deploy feature toggle for faster iteration.,Correlates with agility impact and time-to-value acceleration.,time_to_value_days,HIGHER_IS_RISK,6.900000000000002,13.75,21.0,28.0,33.0,time_to_value_days >= 28.000,time_to_value_days >= 33.000
S079,Agility Signal 39,Agility,Agility & Speed to Market / Modern App,Leading,Identity/SSO,Release_Cycle_Time > 14 days or Lead_Time_Change > 10 days,time_to_value_days >= 33.000,Run value-stream mapping; enable CI/CD coaching; reduce WIP; deploy feature toggle for faster iteration.,Correlates with agility impact and time-to-value acceleration.,time_to_value_days,HIGHER_IS_RISK,6.900000000000002,13.75,21.0,28.0,33.0,time_to_value_days >= 28.000,time_to_value_days >= 33.000
S080,Agility Signal 40,Agility,Agility & Speed to Market / Modern App,Leading,Learning LMS,Release_Cycle_Time > 14 days or Lead_Time_Change > 10 days,time_to_value_days >= 33.000,Run value-stream mapping; enable CI/CD coaching; reduce WIP; deploy feature toggle for faster iteration.,Correlates with agility impact and time-to-value acceleration.,time_to_value_days,HIGHER_IS_RISK,6.900000000000002,13.75,21.0,28.0,33.0,time_to_value_days >= 28.000,time_to_value_days >= 33.000
S081,AI Agent Usage Rate,Data,Data-Driven Digital Products & Experiences,Lagging,Learning LMS,Feature_Adoption_AI < 25% or Data_Freshness_Hours > 24,ai_agent_usage_rate_pct <= 9.713,Activate AI agent feature for pilot; fix data freshness SLA; create outcome dashboard for sponsor.,Correlates with data impact and time-to-value acceleration.,ai_agent_usage_rate_pct,LOWER_IS_RISK,9.713000000000001,16.3375,27.229999999999997,37.775,47.400999999999996,ai_agent_usage_rate_pct <= 16.337,ai_agent_usage_rate_pct <= 9.713
S082,Data Freshness (Hours),Data,Data-Driven Digital Products & Experiences,Leading,Support System,Feature_Adoption_AI < 25% or Data_Freshness_Hours > 24,ai_agent_usage_rate_pct <= 9.713,Activate AI agent feature for pilot; fix data freshness SLA; create outcome dashboard for sponsor.,Correlates with data impact and time-to-value acceleration.,ai_agent_usage_rate_pct,LOWER_IS_RISK,9.713000000000001,16.3375,27.229999999999997,37.775,47.400999999999996,ai_agent_usage_rate_pct <= 16.337,ai_agent_usage_rate_pct <= 9.713
S083,P13N Feature Use,Data,Data-Driven Digital Products & Experiences,Lagging,Finance ERP,Feature_Adoption_AI < 25% or Data_Freshness_Hours > 24,ai_agent_usage_rate_pct <= 9.713,Activate AI agent feature for pilot; fix data freshness SLA; create outcome dashboard for sponsor.,Correlates with data impact and time-to-value acceleration.,ai_agent_usage_rate_pct,LOWER_IS_RISK,9.713000000000001,16.3375,27.229999999999997,37.775,47.400999999999996,ai_agent_usage_rate_pct <= 16.337,ai_agent_usage_rate_pct <= 9.713
S084,Event Tracking Coverage,Data,Data-Driven Digital Products & Experiences,Leading,Identity/SSO,Feature_Adoption_AI < 25% or Data_Freshness_Hours > 24,finops_score <= 47.000,Activate AI agent feature for pilot; fix data freshness SLA; create outcome dashboard for sponsor.,Correlates with data impact and time-to-value acceleration.,finops_score,LOWER_IS_RISK,47.0,57.0,69.0,79.0,87.0,finops_score <= 57.000,finops_score <= 47.000
S085,MAU/WAU Ratio,Data,Data-Driven Digital Products & Experiences,Leading,Compliance Tool,Feature_Adoption_AI < 25% or Data_Freshness_Hours > 24,ai_agent_usage_rate_pct <= 9.713,Activate AI agent feature for pilot; fix data freshness SLA; create outcome dashboard for sponsor.,Correlates with data impact and time-to-value acceleration.,ai_agent_usage_rate_pct,LOWER_IS_RISK,9.713000000000001,16.3375,27.229999999999997,37.775,47.400999999999996,ai_agent_usage_rate_pct <= 16.337,ai_agent_usage_rate_pct <= 9.713
S086,DAU/MAU Stickiness,Data,Data-Driven Digital Products & Experiences,Lagging,AIOps,Feature_Adoption_AI < 25% or Data_Freshness_Hours > 24,ai_agent_usage_rate_pct <= 9.713,Activate AI agent feature for pilot; fix data freshness SLA; create outcome dashboard for sponsor.,Correlates with data impact and time-to-value acceleration.,ai_agent_usage_rate_pct,LOWER_IS_RISK,9.713000000000001,16.3375,27.229999999999997,37.775,47.400999999999996,ai_agent_usage_rate_pct <= 16.337,ai_agent_usage_rate_pct <= 9.713
S087,API Calls 30d,Data,Data-Driven Digital Products & Experiences,Leading,Billing,Feature_Adoption_AI < 25% or Data_Freshness_Hours > 24,ai_agent_usage_rate_pct <= 9.713,Activate AI agent feature for pilot; fix data freshness SLA; create outcome dashboard for sponsor.,Correlates with data impact and time-to-value acceleration.,ai_agent_usage_rate_pct,LOWER_IS_RISK,9.713000000000001,16.3375,27.229999999999997,37.775,47.400999999999996,ai_agent_usage_rate_pct <= 16.337,ai_agent_usage_rate_pct <= 9.713
S088,Dashboard Views 30d,Data,Data-Driven Digital Products & Experiences,Lagging,CDP,Feature_Adoption_AI < 25% or Data_Freshness_Hours > 24,ai_agent_usage_rate_pct <= 9.713,Activate AI agent feature for pilot; fix data freshness SLA; create outcome dashboard for sponsor.,Correlates with data impact and time-to-value acceleration.,ai_agent_usage_rate_pct,LOWER_IS_RISK,9.713000000000001,16.3375,27.229999999999997,37.775,47.400999999999996,ai_agent_usage_rate_pct <= 16.337,ai_agent_usage_rate_pct <= 9.713
S089,Goals Configured,Data,Data-Driven Digital Products & Experiences,Lagging,CRM,Feature_Adoption_AI < 25% or Data_Freshness_Hours > 24,ai_agent_usage_rate_pct <= 9.713,Activate AI agent feature for pilot; fix data freshness SLA; create outcome dashboard for sponsor.,Correlates with data impact and time-to-value acceleration.,ai_agent_usage_rate_pct,LOWER_IS_RISK,9.713000000000001,16.3375,27.229999999999997,37.775,47.400999999999996,ai_agent_usage_rate_pct <= 16.337,ai_agent_usage_rate_pct <= 9.713
S090,Digital Journey Completions,Data,Data-Driven Digital Products & Experiences,Leading,CRM,Feature_Adoption_AI < 25% or Data_Freshness_Hours > 24,ai_agent_usage_rate_pct <= 9.713,Activate AI agent feature for pilot; fix data freshness SLA; create outcome dashboard for sponsor.,Correlates with data impact and time-to-value acceleration.,ai_agent_usage_rate_pct,LOWER_IS_RISK,9.713000000000001,16.3375,27.229999999999997,37.775,47.400999999999996,ai_agent_usage_rate_pct <= 16.337,ai_agent_usage_rate_pct <= 9.713
S091,Feature Flag Adoption,Data,Data-Driven Digital Products & Experiences,Leading,Billing,Feature_Adoption_AI < 25% or Data_Freshness_Hours > 24,adoption_rate_pct <= 17.388,Activate AI agent feature for pilot; fix data freshness SLA; create outcome dashboard for sponsor.,Correlates with data impact and time-to-value acceleration.,adoption_rate_pct,LOWER_IS_RISK,17.388,29.37,48.79,70.645,83.317,adoption_rate_pct <= 29.370,adoption_rate_pct <= 17.388
S092,Search Success Rate,Data,Data-Driven Digital Products & Experiences,Lagging,Learning LMS,Feature_Adoption_AI < 25% or Data_Freshness_Hours > 24,ai_agent_usage_rate_pct <= 9.713,Activate AI agent feature for pilot; fix data freshness SLA; create outcome dashboard for sponsor.,Correlates with data impact and time-to-value acceleration.,ai_agent_usage_rate_pct,LOWER_IS_RISK,9.713000000000001,16.3375,27.229999999999997,37.775,47.400999999999996,ai_agent_usage_rate_pct <= 16.337,ai_agent_usage_rate_pct <= 9.713
S093,Time-on-Task,Data,Data-Driven Digital Products & Experiences,Leading,Finance ERP,Feature_Adoption_AI < 25% or Data_Freshness_Hours > 24,ai_agent_usage_rate_pct <= 9.713,Activate AI agent feature for pilot; fix data freshness SLA; create outcome dashboard for sponsor.,Correlates with data impact and time-to-value acceleration.,ai_agent_usage_rate_pct,LOWER_IS_RISK,9.713000000000001,16.3375,27.229999999999997,37.775,47.400999999999996,ai_agent_usage_rate_pct <= 16.337,ai_agent_usage_rate_pct <= 9.713
S094,Conversion Rate,Data,Data-Driven Digital Products & Experiences,Leading,Support System,Feature_Adoption_AI < 25% or Data_Freshness_Hours > 24,ai_agent_usage_rate_pct <= 9.713,Activate AI agent feature for pilot; fix data freshness SLA; create outcome dashboard for sponsor.,Correlates with data impact and time-to-value acceleration.,ai_agent_usage_rate_pct,LOWER_IS_RISK,9.713000000000001,16.3375,27.229999999999997,37.775,47.400999999999996,ai_agent_usage_rate_pct <= 16.337,ai_agent_usage_rate_pct <= 9.713
S095,Churn Predict Score,Data,Data-Driven Digital Products & Experiences,Lagging,Identity/SSO,Feature_Adoption_AI < 25% or Data_Freshness_Hours > 24,ai_agent_usage_rate_pct <= 9.713,Activate AI agent feature for pilot; fix data freshness SLA; create outcome dashboard for sponsor.,Correlates with data impact and time-to-value acceleration.,ai_agent_usage_rate_pct,LOWER_IS_RISK,9.713000000000001,16.3375,27.229999999999997,37.775,47.400999999999996,ai_agent_usage_rate_pct <= 16.337,ai_agent_usage_rate_pct <= 9.713
S096,Recommendation CTR,Data,Data-Driven Digital Products & Experiences,Leading,NPS/Survey,Feature_Adoption_AI < 25% or Data_Freshness_Hours > 24,ai_agent_usage_rate_pct <= 9.713,Activate AI agent feature for pilot; fix data freshness SLA; create outcome dashboard for sponsor.,Correlates with data impact and time-to-value acceleration.,ai_agent_usage_rate_pct,LOWER_IS_RISK,9.713000000000001,16.3375,27.229999999999997,37.775,47.400999999999996,ai_agent_usage_rate_pct <= 16.337,ai_agent_usage_rate_pct <= 9.713
S097,CoPilot Invocation Rate,Data,Data-Driven Digital Products & Experiences,Lagging,CRM,Feature_Adoption_AI < 25% or Data_Freshness_Hours > 24,ai_agent_usage_rate_pct <= 9.713,Activate AI agent feature for pilot; fix data freshness SLA; create outcome dashboard for sponsor.,Correlates with data impact and time-to-value acceleration.,ai_agent_usage_rate_pct,LOWER_IS_RISK,9.713000000000001,16.3375,27.229999999999997,37.775,47.400999999999996,ai_agent_usage_rate_pct <= 16.337,ai_agent_usage_rate_pct <= 9.713
S098,Data Quality Score,Data,Data-Driven Digital Products & Experiences,Leading,Usage Analytics,Feature_Adoption_AI < 25% or Data_Freshness_Hours > 24,ai_agent_usage_rate_pct <= 9.713,Activate AI agent feature for pilot; fix data freshness SLA; create outcome dashboard for sponsor.,Correlates with data impact and time-to-value acceleration.,ai_agent_usage_rate_pct,LOWER_IS_RISK,9.713000000000001,16.3375,27.229999999999997,37.775,47.400999999999996,ai_agent_usage_rate_pct <= 16.337,ai_agent_usage_rate_pct <= 9.713
S099,Schema Drift Incidents,Data,Data-Driven Digital Products & Experiences,Lagging,DevOps Tooling,Feature_Adoption_AI < 25% or Data_Freshness_Hours > 24,ai_agent_usage_rate_pct <= 9.713,Activate AI agent feature for pilot; fix data freshness SLA; create outcome dashboard for sponsor.,Correlates with data impact and time-to-value acceleration.,ai_agent_usage_rate_pct,LOWER_IS_RISK,9.713000000000001,16.3375,27.229999999999997,37.775,47.400999999999996,ai_agent_usage_rate_pct <= 16.337,ai_agent_usage_rate_pct <= 9.713
S100,ETL Failure Rate,Data,Data-Driven Digital Products & Experiences,Lagging,AIOps,Feature_Adoption_AI < 25% or Data_Freshness_Hours > 24,ai_agent_usage_rate_pct <= 9.713,Activate AI agent feature for pilot; fix data freshness SLA; create outcome dashboard for sponsor.,Correlates with data impact and time-to-value acceleration.,ai_agent_usage_rate_pct,LOWER_IS_RISK,9.713000000000001,16.3375,27.229999999999997,37.775,47.400999999999996,ai_agent_usage_rate_pct <= 16.337,ai_agent_usage_rate_pct <= 9.713
S101,Edge Latency P95,Data,Data-Driven Digital Products & Experiences,Lagging,Billing,Feature_Adoption_AI < 25% or Data_Freshness_Hours > 24,latency_p95_ms >= 449.200,Activate AI agent feature for pilot; fix data freshness SLA; create outcome dashboard for sponsor.,Correlates with data impact and time-to-value acceleration.,latency_p95_ms,HIGHER_IS_RISK,180.70000000000002,243.75,316.0,388.0,449.19999999999993,latency_p95_ms >= 388.000,latency_p95_ms >= 449.200
S102,Mobile Crash Rate,Data,Data-Driven Digital Products & Experiences,Leading,CRM,Feature_Adoption_AI < 25% or Data_Freshness_Hours > 24,ai_agent_usage_rate_pct <= 9.713,Activate AI agent feature for pilot; fix data freshness SLA; create outcome dashboard for sponsor.,Correlates with data impact and time-to-value acceleration.,ai_agent_usage_rate_pct,LOWER_IS_RISK,9.713000000000001,16.3375,27.229999999999997,37.775,47.400999999999996,ai_agent_usage_rate_pct <= 16.337,ai_agent_usage_rate_pct <= 9.713
S103,SDK Version Currency,Data,Data-Driven Digital Products & Experiences,Leading,Security SIEM,Feature_Adoption_AI < 25% or Data_Freshness_Hours > 24,ai_agent_usage_rate_pct <= 9.713,Activate AI agent feature for pilot; fix data freshness SLA; create outcome dashboard for sponsor.,Correlates with data impact and time-to-value acceleration.,ai_agent_usage_rate_pct,LOWER_IS_RISK,9.713000000000001,16.3375,27.229999999999997,37.775,47.400999999999996,ai_agent_usage_rate_pct <= 16.337,ai_agent_usage_rate_pct <= 9.713
S104,Session Replay Coverage,Data,Data-Driven Digital Products & Experiences,Leading,Compliance Tool,Feature_Adoption_AI < 25% or Data_Freshness_Hours > 24,finops_score <= 47.000,Activate AI agent feature for pilot; fix data freshness SLA; create outcome dashboard for sponsor.,Correlates with data impact and time-to-value acceleration.,finops_score,LOWER_IS_RISK,47.0,57.0,69.0,79.0,87.0,finops_score <= 57.000,finops_score <= 47.000
S105,A/B Test Running,Data,Data-Driven Digital Products & Experiences,Leading,Compliance Tool,Feature_Adoption_AI < 25% or Data_Freshness_Hours > 24,ai_agent_usage_rate_pct <= 9.713,Activate AI agent feature for pilot; fix data freshness SLA; create outcome dashboard for sponsor.,Correlates with data impact and time-to-value acceleration.,ai_agent_usage_rate_pct,LOWER_IS_RISK,9.713000000000001,16.3375,27.229999999999997,37.775,47.400999999999996,ai_agent_usage_rate_pct <= 16.337,ai_agent_usage_rate_pct <= 9.713
S106,Customer Effort Score,Data,Data-Driven Digital Products & Experiences,Leading,Product Telemetry,Feature_Adoption_AI < 25% or Data_Freshness_Hours > 24,csat_1to5 <= 3.409,Activate AI agent feature for pilot; fix data freshness SLA; create outcome dashboard for sponsor.,Correlates with data impact and time-to-value acceleration.,csat_1to5,LOWER_IS_RISK,3.4090000000000003,3.685,4.12,4.4725,4.84,csat_1to5 <= 3.685,csat_1to5 <= 3.409
S107,CSAT (Transactional),Data,Data-Driven Digital Products & Experiences,Leading,Usage Analytics,Feature_Adoption_AI < 25% or Data_Freshness_Hours > 24,csat_1to5 <= 3.409,Activate AI agent feature for pilot; fix data freshness SLA; create outcome dashboard for sponsor.,Correlates with data impact and time-to-value acceleration.,csat_1to5,LOWER_IS_RISK,3.4090000000000003,3.685,4.12,4.4725,4.84,csat_1to5 <= 3.685,csat_1to5 <= 3.409
S108,NPS (Relationship),Data,Data-Driven Digital Products & Experiences,Leading,CRM,Feature_Adoption_AI < 25% or Data_Freshness_Hours > 24,csat_1to5 <= 3.409,Activate AI agent feature for pilot; fix data freshness SLA; create outcome dashboard for sponsor.,Correlates with data impact and time-to-value acceleration.,csat_1to5,LOWER_IS_RISK,3.4090000000000003,3.685,4.12,4.4725,4.84,csat_1to5 <= 3.685,csat_1to5 <= 3.409
S109,Support Deflection via AI,Data,Data-Driven Digital Products & Experiences,Leading,CDP,Feature_Adoption_AI < 25% or Data_Freshness_Hours > 24,ai_agent_usage_rate_pct <= 9.713,Activate AI agent feature for pilot; fix data freshness SLA; create outcome dashboard for sponsor.,Correlates with data impact and time-to-value acceleration.,ai_agent_usage_rate_pct,LOWER_IS_RISK,9.713000000000001,16.3375,27.229999999999997,37.775,47.400999999999996,ai_agent_usage_rate_pct <= 16.337,ai_agent_usage_rate_pct <= 9.713
S110,Self-Serve Completion,Data,Data-Driven Digital Products & Experiences,Leading,Learning LMS,Feature_Adoption_AI < 25% or Data_Freshness_Hours > 24,ai_agent_usage_rate_pct <= 9.713,Activate AI agent feature for pilot; fix data freshness SLA; create outcome dashboard for sponsor.,Correlates with data impact and time-to-value acceleration.,ai_agent_usage_rate_pct,LOWER_IS_RISK,9.713000000000001,16.3375,27.229999999999997,37.775,47.400999999999996,ai_agent_usage_rate_pct <= 16.337,ai_agent_usage_rate_pct <= 9.713
S111,Data Signal 31,Data,Data-Driven Digital Products & Experiences,Lagging,Billing,Feature_Adoption_AI < 25% or Data_Freshness_Hours > 24,ai_agent_usage_rate_pct <= 9.713,Activate AI agent feature for pilot; fix data freshness SLA; create outcome dashboard for sponsor.,Correlates with data impact and time-to-value acceleration.,ai_agent_usage_rate_pct,LOWER_IS_RISK,9.713000000000001,16.3375,27.229999999999997,37.775,47.400999999999996,ai_agent_usage_rate_pct <= 16.337,ai_agent_usage_rate_pct <= 9.713
S112,Data Signal 32,Data,Data-Driven Digital Products & Experiences,Leading,NPS/Survey,Feature_Adoption_AI < 25% or Data_Freshness_Hours > 24,ai_agent_usage_rate_pct <= 9.713,Activate AI agent feature for pilot; fix data freshness SLA; create outcome dashboard for sponsor.,Correlates with data impact and time-to-value acceleration.,ai_agent_usage_rate_pct,LOWER_IS_RISK,9.713000000000001,16.3375,27.229999999999997,37.775,47.400999999999996,ai_agent_usage_rate_pct <= 16.337,ai_agent_usage_rate_pct <= 9.713
S113,Data Signal 33,Data,Data-Driven Digital Products & Experiences,Lagging,CRM,Feature_Adoption_AI < 25% or Data_Freshness_Hours > 24,ai_agent_usage_rate_pct <= 9.713,Activate AI agent feature for pilot; fix data freshness SLA; create outcome dashboard for sponsor.,Correlates with data impact and time-to-value acceleration.,ai_agent_usage_rate_pct,LOWER_IS_RISK,9.713000000000001,16.3375,27.229999999999997,37.775,47.400999999999996,ai_agent_usage_rate_pct <= 16.337,ai_agent_usage_rate_pct <= 9.713
S114,Data Signal 34,Data,Data-Driven Digital Products & Experiences,Leading,Usage Analytics,Feature_Adoption_AI < 25% or Data_Freshness_Hours > 24,ai_agent_usage_rate_pct <= 9.713,Activate AI agent feature for pilot; fix data freshness SLA; create outcome dashboard for sponsor.,Correlates with data impact and time-to-value acceleration.,ai_agent_usage_rate_pct,LOWER_IS_RISK,9.713000000000001,16.3375,27.229999999999997,37.775,47.400999999999996,ai_agent_usage_rate_pct <= 16.337,ai_agent_usage_rate_pct <= 9.713
S115,Data Signal 35,Data,Data-Driven Digital Products & Experiences,Lagging,CRM,Feature_Adoption_AI < 25% or Data_Freshness_Hours > 24,ai_agent_usage_rate_pct <= 9.713,Activate AI agent feature for pilot; fix data freshness SLA; create outcome dashboard for sponsor.,Correlates with data impact and time-to-value acceleration.,ai_agent_usage_rate_pct,LOWER_IS_RISK,9.713000000000001,16.3375,27.229999999999997,37.775,47.400999999999996,ai_agent_usage_rate_pct <= 16.337,ai_agent_usage_rate_pct <= 9.713
S116,Data Signal 36,Data,Data-Driven Digital Products & Experiences,Lagging,Finance ERP,Feature_Adoption_AI < 25% or Data_Freshness_Hours > 24,ai_agent_usage_rate_pct <= 9.713,Activate AI agent feature for pilot; fix data freshness SLA; create outcome dashboard for sponsor.,Correlates with data impact and time-to-value acceleration.,ai_agent_usage_rate_pct,LOWER_IS_RISK,9.713000000000001,16.3375,27.229999999999997,37.775,47.400999999999996,ai_agent_usage_rate_pct <= 16.337,ai_agent_usage_rate_pct <= 9.713
S117,Data Signal 37,Data,Data-Driven Digital Products & Experiences,Lagging,CRM,Feature_Adoption_AI < 25% or Data_Freshness_Hours > 24,ai_agent_usage_rate_pct <= 9.713,Activate AI agent feature for pilot; fix data freshness SLA; create outcome dashboard for sponsor.,Correlates with data impact and time-to-value acceleration.,ai_agent_usage_rate_pct,LOWER_IS_RISK,9.713000000000001,16.3375,27.229999999999997,37.775,47.400999999999996,ai_agent_usage_rate_pct <= 16.337,ai_agent_usage_rate_pct <= 9.713
S118,Data Signal 38,Data,Data-Driven Digital Products & Experiences,Leading,Billing,Feature_Adoption_AI < 25% or Data_Freshness_Hours > 24,ai_agent_usage_rate_pct <= 9.713,Activate AI agent feature for pilot; fix data freshness SLA; create outcome dashboard for sponsor.,Correlates with data impact and time-to-value acceleration.,ai_agent_usage_rate_pct,LOWER_IS_RISK,9.713000000000001,16.3375,27.229999999999997,37.775,47.400999999999996,ai_agent_usage_rate_pct <= 16.337,ai_agent_usage_rate_pct <= 9.713
S119,Data Signal 39,Data,Data-Driven Digital Products & Experiences,Lagging,Security SIEM,Feature_Adoption_AI < 25% or Data_Freshness_Hours > 24,ai_agent_usage_rate_pct <= 9.713,Activate AI agent feature for pilot; fix data freshness SLA; create outcome dashboard for sponsor.,Correlates with data impact and time-to-value acceleration.,ai_agent_usage_rate_pct,LOWER_IS_RISK,9.713000000000001,16.3375,27.229999999999997,37.775,47.400999999999996,ai_agent_usage_rate_pct <= 16.337,ai_agent_usage_rate_pct <= 9.713
S120,Data Signal 40,Data,Data-Driven Digital Products & Experiences,Lagging,DevOps Tooling,Feature_Adoption_AI < 25% or Data_Freshness_Hours > 24,ai_agent_usage_rate_pct <= 9.713,Activate AI agent feature for pilot; fix data freshness SLA; create outcome dashboard for sponsor.,Correlates with data impact and time-to-value acceleration.,ai_agent_usage_rate_pct,LOWER_IS_RISK,9.713000000000001,16.3375,27.229999999999997,37.775,47.400999999999996,ai_agent_usage_rate_pct <= 16.337,ai_agent_usage_rate_pct <= 9.713
S121,Data Signal 41,Data,Data-Driven Digital Products & Experiences,Lagging,Learning LMS,Feature_Adoption_AI < 25% or Data_Freshness_Hours > 24,ai_agent_usage_rate_pct <= 9.713,Activate AI agent feature for pilot; fix data freshness SLA; create outcome dashboard for sponsor.,Correlates with data impact and time-to-value acceleration.,ai_agent_usage_rate_pct,LOWER_IS_RISK,9.713000000000001,16.3375,27.229999999999997,37.775,47.400999999999996,ai_agent_usage_rate_pct <= 16.337,ai_agent_usage_rate_pct <= 9.713
S122,Data Signal 42,Data,Data-Driven Digital Products & Experiences,Leading,Marketing Automation,Feature_Adoption_AI < 25% or Data_Freshness_Hours > 24,ai_agent_usage_rate_pct <= 9.713,Activate AI agent feature for pilot; fix data freshness SLA; create outcome dashboard for sponsor.,Correlates with data impact and time-to-value acceleration.,ai_agent_usage_rate_pct,LOWER_IS_RISK,9.713000000000001,16.3375,27.229999999999997,37.775,47.400999999999996,ai_agent_usage_rate_pct <= 16.337,ai_agent_usage_rate_pct <= 9.713
S123,Data Signal 43,Data,Data-Driven Digital Products & Experiences,Leading,Product Telemetry,Feature_Adoption_AI < 25% or Data_Freshness_Hours > 24,ai_agent_usage_rate_pct <= 9.713,Activate AI agent feature for pilot; fix data freshness SLA; create outcome dashboard for sponsor.,Correlates with data impact and time-to-value acceleration.,ai_agent_usage_rate_pct,LOWER_IS_RISK,9.713000000000001,16.3375,27.229999999999997,37.775,47.400999999999996,ai_agent_usage_rate_pct <= 16.337,ai_agent_usage_rate_pct <= 9.713
S124,Data Signal 44,Data,Data-Driven Digital Products & Experiences,Lagging,Usage Analytics,Feature_Adoption_AI < 25% or Data_Freshness_Hours > 24,ai_agent_usage_rate_pct <= 9.713,Activate AI agent feature for pilot; fix data freshness SLA; create outcome dashboard for sponsor.,Correlates with data impact and time-to-value acceleration.,ai_agent_usage_rate_pct,LOWER_IS_RISK,9.713000000000001,16.3375,27.229999999999997,37.775,47.400999999999996,ai_agent_usage_rate_pct <= 16.337,ai_agent_usage_rate_pct <= 9.713
S125,Data Signal 45,Data,Data-Driven Digital Products & Experiences,Lagging,Finance ERP,Feature_Adoption_AI < 25% or Data_Freshness_Hours > 24,ai_agent_usage_rate_pct <= 9.713,Activate AI agent feature for pilot; fix data freshness SLA; create outcome dashboard for sponsor.,Correlates with data impact and time-to-value acceleration.,ai_agent_usage_rate_pct,LOWER_IS_RISK,9.713000000000001,16.3375,27.229999999999997,37.775,47.400999999999996,ai_agent_usage_rate_pct <= 16.337,ai_agent_usage_rate_pct <= 9.713
S126,Data Signal 46,Data,Data-Driven Digital Products & Experiences,Leading,CRM,Feature_Adoption_AI < 25% or Data_Freshness_Hours > 24,ai_agent_usage_rate_pct <= 9.713,Activate AI agent feature for pilot; fix data freshness SLA; create outcome dashboard for sponsor.,Correlates with data impact and time-to-value acceleration.,ai_agent_usage_rate_pct,LOWER_IS_RISK,9.713000000000001,16.3375,27.229999999999997,37.775,47.400999999999996,ai_agent_usage_rate_pct <= 16.337,ai_agent_usage_rate_pct <= 9.713
S127,Data Signal 47,Data,Data-Driven Digital Products & Experiences,Leading,CRM,Feature_Adoption_AI < 25% or Data_Freshness_Hours > 24,ai_agent_usage_rate_pct <= 9.713,Activate AI agent feature for pilot; fix data freshness SLA; create outcome dashboard for sponsor.,Correlates with data impact and time-to-value acceleration.,ai_agent_usage_rate_pct,LOWER_IS_RISK,9.713000000000001,16.3375,27.229999999999997,37.775,47.400999999999996,ai_agent_usage_rate_pct <= 16.337,ai_agent_usage_rate_pct <= 9.713
S128,Data Signal 48,Data,Data-Driven Digital Products & Experiences,Lagging,Support System,Feature_Adoption_AI < 25% or Data_Freshness_Hours > 24,ai_agent_usage_rate_pct <= 9.713,Activate AI agent feature for pilot; fix data freshness SLA; create outcome dashboard for sponsor.,Correlates with data impact and time-to-value acceleration.,ai_agent_usage_rate_pct,LOWER_IS_RISK,9.713000000000001,16.3375,27.229999999999997,37.775,47.400999999999996,ai_agent_usage_rate_pct <= 16.337,ai_agent_usage_rate_pct <= 9.713
S129,Data Signal 49,Data,Data-Driven Digital Products & Experiences,Lagging,Support System,Feature_Adoption_AI < 25% or Data_Freshness_Hours > 24,ai_agent_usage_rate_pct <= 9.713,Activate AI agent feature for pilot; fix data freshness SLA; create outcome dashboard for sponsor.,Correlates with data impact and time-to-value acceleration.,ai_agent_usage_rate_pct,LOWER_IS_RISK,9.713000000000001,16.3375,27.229999999999997,37.775,47.400999999999996,ai_agent_usage_rate_pct <= 16.337,ai_agent_usage_rate_pct <= 9.713
S130,Data Signal 50,Data,Data-Driven Digital Products & Experiences,Lagging,AIOps,Feature_Adoption_AI < 25% or Data_Freshness_Hours > 24,ai_agent_usage_rate_pct <= 9.713,Activate AI agent feature for pilot; fix data freshness SLA; create outcome dashboard for sponsor.,Correlates with data impact and time-to-value acceleration.,ai_agent_usage_rate_pct,LOWER_IS_RISK,9.713000000000001,16.3375,27.229999999999997,37.775,47.400999999999996,ai_agent_usage_rate_pct <= 16.337,ai_agent_usage_rate_pct <= 9.713
S131,Open Critical Vulns,Risk,Risk Management (Security & Compliance),Leading,Learning LMS,Open_Critical_Vulns > 0 or Compliance_Status = 'AtRisk',uptime_30d_pct <= 99.606,Trigger security review; enforce MFA/SCIM; remediate vulns; schedule compliance gap workshop.,Correlates with risk impact and time-to-value acceleration.,uptime_30d_pct,LOWER_IS_RISK,99.60589999999999,99.72675000000001,99.843,99.9905,100.0,uptime_30d_pct <= 99.727,uptime_30d_pct <= 99.606
S132,MFA Coverage,Risk,Risk Management (Security & Compliance),Leading,AIOps,Open_Critical_Vulns > 0 or Compliance_Status = 'AtRisk',finops_score <= 47.000,Trigger security review; enforce MFA/SCIM; remediate vulns; schedule compliance gap workshop.,Correlates with risk impact and time-to-value acceleration.,finops_score,LOWER_IS_RISK,47.0,57.0,69.0,79.0,87.0,finops_score <= 57.000,finops_score <= 47.000
S133,SSO/SCIM Coverage,Risk,Risk Management (Security & Compliance),Leading,Product Telemetry,Open_Critical_Vulns > 0 or Compliance_Status = 'AtRisk',finops_score <= 47.000,Trigger security review; enforce MFA/SCIM; remediate vulns; schedule compliance gap workshop.,Correlates with risk impact and time-to-value acceleration.,finops_score,LOWER_IS_RISK,47.0,57.0,69.0,79.0,87.0,finops_score <= 57.000,finops_score <= 47.000
S134,Privileged Accounts w/o MFA,Risk,Risk Management (Security & Compliance),Leading,Billing,Open_Critical_Vulns > 0 or Compliance_Status = 'AtRisk',uptime_30d_pct <= 99.606,Trigger security review; enforce MFA/SCIM; remediate vulns; schedule compliance gap workshop.,Correlates with risk impact and time-to-value acceleration.,uptime_30d_pct,LOWER_IS_RISK,99.60589999999999,99.72675000000001,99.843,99.9905,100.0,uptime_30d_pct <= 99.727,uptime_30d_pct <= 99.606
S135,PenTest Findings Open,Risk,Risk Management (Security & Compliance),Leading,Support System,Open_Critical_Vulns > 0 or Compliance_Status = 'AtRisk',uptime_30d_pct <= 99.606,Trigger security review; enforce MFA/SCIM; remediate vulns; schedule compliance gap workshop.,Correlates with risk impact and time-to-value acceleration.,uptime_30d_pct,LOWER_IS_RISK,99.60589999999999,99.72675000000001,99.843,99.9905,100.0,uptime_30d_pct <= 99.727,uptime_30d_pct <= 99.606
S136,DPO/Legal Requests Open,Risk,Risk Management (Security & Compliance),Lagging,AIOps,Open_Critical_Vulns > 0 or Compliance_Status = 'AtRisk',uptime_30d_pct <= 99.606,Trigger security review; enforce MFA/SCIM; remediate vulns; schedule compliance gap workshop.,Correlates with risk impact and time-to-value acceleration.,uptime_30d_pct,LOWER_IS_RISK,99.60589999999999,99.72675000000001,99.843,99.9905,100.0,uptime_30d_pct <= 99.727,uptime_30d_pct <= 99.606
S137,Data Residency Breaches,Risk,Risk Management (Security & Compliance),Lagging,CRM,Open_Critical_Vulns > 0 or Compliance_Status = 'AtRisk',compliance_status == 'AtRisk',Trigger security review; enforce MFA/SCIM; remediate vulns; schedule compliance gap workshop.,Correlates with risk impact and time-to-value acceleration.,compliance_status,CATEGORICAL,,,,,,compliance_status == 'AtRisk',compliance_status == 'AtRisk'
S138,Audit Findings Open,Risk,Risk Management (Security & Compliance),Lagging,CDP,Open_Critical_Vulns > 0 or Compliance_Status = 'AtRisk',compliance_status == 'AtRisk',Trigger security review; enforce MFA/SCIM; remediate vulns; schedule compliance gap workshop.,Correlates with risk impact and time-to-value acceleration.,compliance_status,CATEGORICAL,,,,,,compliance_status == 'AtRisk',compliance_status == 'AtRisk'
S139,Backup Success Rate,Risk,Risk Management (Security & Compliance),Leading,Support System,Open_Critical_Vulns > 0 or Compliance_Status = 'AtRisk',uptime_30d_pct <= 99.606,Trigger security review; enforce MFA/SCIM; remediate vulns; schedule compliance gap workshop.,Correlates with risk impact and time-to-value acceleration.,uptime_30d_pct,LOWER_IS_RISK,99.60589999999999,99.72675000000001,99.843,99.9905,100.0,uptime_30d_pct <= 99.727,uptime_30d_pct <= 99.606
S140,RPO Compliance,Risk,Risk Management (Security & Compliance),Lagging,Product Telemetry,Open_Critical_Vulns > 0 or Compliance_Status = 'AtRisk',compliance_status == 'AtRisk',Trigger security review; enforce MFA/SCIM; remediate vulns; schedule compliance gap workshop.,Correlates with risk impact and time-to-value acceleration.,compliance_status,CATEGORICAL,,,,,,compliance_status == 'AtRisk',compliance_status == 'AtRisk'
S141,RTO Compliance,Risk,Risk Management (Security & Compliance),Lagging,NPS/Survey,Open_Critical_Vulns > 0 or Compliance_Status = 'AtRisk',compliance_status == 'AtRisk',Trigger security review; enforce MFA/SCIM; remediate vulns; schedule compliance gap workshop.,Correlates with risk impact and time-to-value acceleration.,compliance_status,CATEGORICAL,,,,,,compliance_status == 'AtRisk',compliance_status == 'AtRisk'
S142,DR Test Pass Rate,Risk,Risk Management (Security & Compliance),Lagging,NPS/Survey,Open_Critical_Vulns > 0 or Compliance_Status = 'AtRisk',uptime_30d_pct <= 99.606,Trigger security review; enforce MFA/SCIM; remediate vulns; schedule compliance gap workshop.,Correlates with risk impact and time-to-value acceleration.,uptime_30d_pct,LOWER_IS_RISK,99.60589999999999,99.72675000000001,99.843,99.9905,100.0,uptime_30d_pct <= 99.727,uptime_30d_pct <= 99.606
S143,PII Access Outliers,Risk,Risk Management (Security & Compliance),Lagging,Usage Analytics,Open_Critical_Vulns > 0 or Compliance_Status = 'AtRisk',uptime_30d_pct <= 99.606,Trigger security review; enforce MFA/SCIM; remediate vulns; schedule compliance gap workshop.,Correlates with risk impact and time-to-value acceleration.,uptime_30d_pct,LOWER_IS_RISK,99.60589999999999,99.72675000000001,99.843,99.9905,100.0,uptime_30d_pct <= 99.727,uptime_30d_pct <= 99.606
S144,SLA Uptime 30d,Risk,Risk Management (Security & Compliance),Lagging,Support System,Open_Critical_Vulns > 0 or Compliance_Status = 'AtRisk',uptime_30d_pct <= 99.606,Trigger security review; enforce MFA/SCIM; remediate vulns; schedule compliance gap workshop.,Correlates with risk impact and time-to-value acceleration.,uptime_30d_pct,LOWER_IS_RISK,99.60589999999999,99.72675000000001,99.843,99.9905,100.0,uptime_30d_pct <= 99.727,uptime_30d_pct <= 99.606
S145,Latency P95 SLO,Risk,Risk Management (Security & Compliance),Leading,NPS/Survey,Open_Critical_Vulns > 0 or Compliance_Status = 'AtRisk',latency_p95_ms >= 449.200,Trigger security review; enforce MFA/SCIM; remediate vulns; schedule compliance gap workshop.,Correlates with risk impact and time-to-value acceleration.,latency_p95_ms,HIGHER_IS_RISK,180.70000000000002,243.75,316.0,388.0,449.19999999999993,latency_p95_ms >= 388.000,latency_p95_ms >= 449.200
S146,P1 Ticket Rate,Risk,Risk Management (Security & Compliance),Leading,Product Telemetry,Open_Critical_Vulns > 0 or Compliance_Status = 'AtRisk',p1_tickets_90d >= 1.000,Trigger security review; enforce MFA/SCIM; remediate vulns; schedule compliance gap workshop.,Correlates with risk impact and time-to-value acceleration.,p1_tickets_90d,HIGHER_IS_RISK,0.0,0.0,0.0,1.0,1.0,p1_tickets_90d >= 1.000,p1_tickets_90d >= 1.000
S147,Change Management Violations,Risk,Risk Management (Security & Compliance),Leading,Usage Analytics,Open_Critical_Vulns > 0 or Compliance_Status = 'AtRisk',uptime_30d_pct <= 99.606,Trigger security review; enforce MFA/SCIM; remediate vulns; schedule compliance gap workshop.,Correlates with risk impact and time-to-value acceleration.,uptime_30d_pct,LOWER_IS_RISK,99.60589999999999,99.72675000000001,99.843,99.9905,100.0,uptime_30d_pct <= 99.727,uptime_30d_pct <= 99.606
S148,Secrets in Repo Incidents,Risk,Risk Management (Security & Compliance),Lagging,Product Telemetry,Open_Critical_Vulns > 0 or Compliance_Status = 'AtRisk',p1_tickets_90d >= 1.000,Trigger security review; enforce MFA/SCIM; remediate vulns; schedule compliance gap workshop.,Correlates with risk impact and time-to-value acceleration.,p1_tickets_90d,HIGHER_IS_RISK,0.0,0.0,0.0,1.0,1.0,p1_tickets_90d >= 1.000,p1_tickets_90d >= 1.000
S149,Certificate Expiry < 30d,Risk,Risk Management (Security & Compliance),Leading,Compliance Tool,Open_Critical_Vulns > 0 or Compliance_Status = 'AtRisk',uptime_30d_pct <= 99.606,Trigger security review; enforce MFA/SCIM; remediate vulns; schedule compliance gap workshop.,Correlates with risk impact and time-to-value acceleration.,uptime_30d_pct,LOWER_IS_RISK,99.60589999999999,99.72675000000001,99.843,99.9905,100.0,uptime_30d_pct <= 99.727,uptime_30d_pct <= 99.606
S150,BYOK/KMS Coverage,Risk,Risk Management (Security & Compliance),Lagging,Identity/SSO,Open_Critical_Vulns > 0 or Compliance_Status = 'AtRisk',finops_score <= 47.000,Trigger security review; enforce MFA/SCIM; remediate vulns; schedule compliance gap workshop.,Correlates with risk impact and time-to-value acceleration.,finops_score,LOWER_IS_RISK,47.0,57.0,69.0,79.0,87.0,finops_score <= 57.000,finops_score <= 47.000
S151,Risk Signal 21,Risk,Risk Management (Security & Compliance),Leading,Product Telemetry,Open_Critical_Vulns > 0 or Compliance_Status = 'AtRisk',uptime_30d_pct <= 99.606,Trigger security review; enforce MFA/SCIM; remediate vulns; schedule compliance gap workshop.,Correlates with risk impact and time-to-value acceleration.,uptime_30d_pct,LOWER_IS_RISK,99.60589999999999,99.72675000000001,99.843,99.9905,100.0,uptime_30d_pct <= 99.727,uptime_30d_pct <= 99.606
S152,Risk Signal 22,Risk,Risk Management (Security & Compliance),Leading,Learning LMS,Open_Critical_Vulns > 0 or Compliance_Status = 'AtRisk',uptime_30d_pct <= 99.606,Trigger security review; enforce MFA/SCIM; remediate vulns; schedule compliance gap workshop.,Correlates with risk impact and time-to-value acceleration.,uptime_30d_pct,LOWER_IS_RISK,99.60589999999999,99.72675000000001,99.843,99.9905,100.0,uptime_30d_pct <= 99.727,uptime_30d_pct <= 99.606
S153,Risk Signal 23,Risk,Risk Management (Security & Compliance),Leading,Billing,Open_Critical_Vulns > 0 or Compliance_Status = 'AtRisk',uptime_30d_pct <= 99.606,Trigger security review; enforce MFA/SCIM; remediate vulns; schedule compliance gap workshop.,Correlates with risk impact and time-to-value acceleration.,uptime_30d_pct,LOWER_IS_RISK,99.60589999999999,99.72675000000001,99.843,99.9905,100.0,uptime_30d_pct <= 99.727,uptime_30d_pct <= 99.606
S154,Risk Signal 24,Risk,Risk Management (Security & Compliance),Leading,Marketing Automation,Open_Critical_Vulns > 0 or Compliance_Status = 'AtRisk',uptime_30d_pct <= 99.606,Trigger security review; enforce MFA/SCIM; remediate vulns; schedule compliance gap workshop.,Correlates with risk impact and time-to-value acceleration.,uptime_30d_pct,LOWER_IS_RISK,99.60589999999999,99.72675000000001,99.843,99.9905,100.0,uptime_30d_pct <= 99.727,uptime_30d_pct <= 99.606
S155,Risk Signal 25,Risk,Risk Management (Security & Compliance),Leading,DevOps Tooling,Open_Critical_Vulns > 0 or Compliance_Status = 'AtRisk',uptime_30d_pct <= 99.606,Trigger security review; enforce MFA/SCIM; remediate vulns; schedule compliance gap workshop.,Correlates with risk impact and time-to-value acceleration.,uptime_30d_pct,LOWER_IS_RISK,99.60589999999999,99.72675000000001,99.843,99.9905,100.0,uptime_30d_pct <= 99.727,uptime_30d_pct <= 99.606
S156,Risk Signal 26,Risk,Risk Management (Security & Compliance),Leading,CDP,Open_Critical_Vulns > 0 or Compliance_Status = 'AtRisk',uptime_30d_pct <= 99.606,Trigger security review; enforce MFA/SCIM; remediate vulns; schedule compliance gap workshop.,Correlates with risk impact and time-to-value acceleration.,uptime_30d_pct,LOWER_IS_RISK,99.60589999999999,99.72675000000001,99.843,99.9905,100.0,uptime_30d_pct <= 99.727,uptime_30d_pct <= 99.606
S157,Risk Signal 27,Risk,Risk Management (Security & Compliance),Leading,Compliance Tool,Open_Critical_Vulns > 0 or Compliance_Status = 'AtRisk',uptime_30d_pct <= 99.606,Trigger security review; enforce MFA/SCIM; remediate vulns; schedule compliance gap workshop.,Correlates with risk impact and time-to-value acceleration.,uptime_30d_pct,LOWER_IS_RISK,99.60589999999999,99.72675000000001,99.843,99.9905,100.0,uptime_30d_pct <= 99.727,uptime_30d_pct <= 99.606
S158,Risk Signal 28,Risk,Risk Management (Security & Compliance),Leading,Compliance Tool,Open_Critical_Vulns > 0 or Compliance_Status = 'AtRisk',uptime_30d_pct <= 99.606,Trigger security review; enforce MFA/SCIM; remediate vulns; schedule compliance gap workshop.,Correlates with risk impact and time-to-value acceleration.,uptime_30d_pct,LOWER_IS_RISK,99.60589999999999,99.72675000000001,99.843,99.9905,100.0,uptime_30d_pct <= 99.727,uptime_30d_pct <= 99.606
S159,Risk Signal 29,Risk,Risk Management (Security & Compliance),Leading,DevOps Tooling,Open_Critical_Vulns > 0 or Compliance_Status = 'AtRisk',uptime_30d_pct <= 99.606,Trigger security review; enforce MFA/SCIM; remediate vulns; schedule compliance gap workshop.,Correlates with risk impact and time-to-value acceleration.,uptime_30d_pct,LOWER_IS_RISK,99.60589999999999,99.72675000000001,99.843,99.9905,100.0,uptime_30d_pct <= 99.727,uptime_30d_pct <= 99.606
S160,Risk Signal 30,Risk,Risk Management (Security & Compliance),Lagging,CDP,Open_Critical_Vulns > 0 or Compliance_Status = 'AtRisk',uptime_30d_pct <= 99.606,Trigger security review; enforce MFA/SCIM; remediate vulns; schedule compliance gap workshop.,Correlates with risk impact and time-to-value acceleration.,uptime_30d_pct,LOWER_IS_RISK,99.60589999999999,99.72675000000001,99.843,99.9905,100.0,uptime_30d_pct <= 99.727,uptime_30d_pct <= 99.606
S161,Risk Signal 31,Risk,Risk Management (Security & Compliance),Lagging,CRM,Open_Critical_Vulns > 0 or Compliance_Status = 'AtRisk',uptime_30d_pct <= 99.606,Trigger security review; enforce MFA/SCIM; remediate vulns; schedule compliance gap workshop.,Correlates with risk impact and time-to-value acceleration.,uptime_30d_pct,LOWER_IS_RISK,99.60589999999999,99.72675000000001,99.843,99.9905,100.0,uptime_30d_pct <= 99.727,uptime_30d_pct <= 99.606
S162,Risk Signal 32,Risk,Risk Management (Security & Compliance),Lagging,CRM,Open_Critical_Vulns > 0 or Compliance_Status = 'AtRisk',uptime_30d_pct <= 99.606,Trigger security review; enforce MFA/SCIM; remediate vulns; schedule compliance gap workshop.,Correlates with risk impact and time-to-value acceleration.,uptime_30d_pct,LOWER_IS_RISK,99.60589999999999,99.72675000000001,99.843,99.9905,100.0,uptime_30d_pct <= 99.727,uptime_30d_pct <= 99.606
S163,Risk Signal 33,Risk,Risk Management (Security & Compliance),Lagging,DevOps Tooling,Open_Critical_Vulns > 0 or Compliance_Status = 'AtRisk',uptime_30d_pct <= 99.606,Trigger security review; enforce MFA/SCIM; remediate vulns; schedule compliance gap workshop.,Correlates with risk impact and time-to-value acceleration.,uptime_30d_pct,LOWER_IS_RISK,99.60589999999999,99.72675000000001,99.843,99.9905,100.0,uptime_30d_pct <= 99.727,uptime_30d_pct <= 99.606
S164,Risk Signal 34,Risk,Risk Management (Security & Compliance),Leading,Marketing Automation,Open_Critical_Vulns > 0 or Compliance_Status = 'AtRisk',uptime_30d_pct <= 99.606,Trigger security review; enforce MFA/SCIM; remediate vulns; schedule compliance gap workshop.,Correlates with risk impact and time-to-value acceleration.,uptime_30d_pct,LOWER_IS_RISK,99.60589999999999,99.72675000000001,99.843,99.9905,100.0,uptime_30d_pct <= 99.727,uptime_30d_pct <= 99.606
S165,Risk Signal 35,Risk,Risk Management (Security & Compliance),Lagging,AIOps,Open_Critical_Vulns > 0 or Compliance_Status = 'AtRisk',uptime_30d_pct <= 99.606,Trigger security review; enforce MFA/SCIM; remediate vulns; schedule compliance gap workshop.,Correlates with risk impact and time-to-value acceleration.,uptime_30d_pct,LOWER_IS_RISK,99.60589999999999,99.72675000000001,99.843,99.9905,100.0,uptime_30d_pct <= 99.727,uptime_30d_pct <= 99.606
S166,Risk Signal 36,Risk,Risk Management (Security & Compliance),Lagging,CDP,Open_Critical_Vulns > 0 or Compliance_Status = 'AtRisk',uptime_30d_pct <= 99.606,Trigger security review; enforce MFA/SCIM; remediate vulns; schedule compliance gap workshop.,Correlates with risk impact and time-to-value acceleration.,uptime_30d_pct,LOWER_IS_RISK,99.60589999999999,99.72675000000001,99.843,99.9905,100.0,uptime_30d_pct <= 99.727,uptime_30d_pct <= 99.606
S167,Risk Signal 37,Risk,Risk Management (Security & Compliance),Leading,Product Telemetry,Open_Critical_Vulns > 0 or Compliance_Status = 'AtRisk',uptime_30d_pct <= 99.606,Trigger security review; enforce MFA/SCIM; remediate vulns; schedule compliance gap workshop.,Correlates with risk impact and time-to-value acceleration.,uptime_30d_pct,LOWER_IS_RISK,99.60589999999999,99.72675000000001,99.843,99.9905,100.0,uptime_30d_pct <= 99.727,uptime_30d_pct <= 99.606
S168,Risk Signal 38,Risk,Risk Management (Security & Compliance),Lagging,Compliance Tool,Open_Critical_Vulns > 0 or Compliance_Status = 'AtRisk',uptime_30d_pct <= 99.606,Trigger security review; enforce MFA/SCIM; remediate vulns; schedule compliance gap workshop.,Correlates with risk impact and time-to-value acceleration.,uptime_30d_pct,LOWER_IS_RISK,99.60589999999999,99.72675000000001,99.843,99.9905,100.0,uptime_30d_pct <= 99.727,uptime_30d_pct <= 99.606
S169,Risk Signal 39,Risk,Risk Management (Security & Compliance),Leading,Billing,Open_Critical_Vulns > 0 or Compliance_Status = 'AtRisk',uptime_30d_pct <= 99.606,Trigger security review; enforce MFA/SCIM; remediate vulns; schedule compliance gap workshop.,Correlates with risk impact and time-to-value acceleration.,uptime_30d_pct,LOWER_IS_RISK,99.60589999999999,99.72675000000001,99.843,99.9905,100.0,uptime_30d_pct <= 99.727,uptime_30d_pct <= 99.606
S170,Risk Signal 40,Risk,Risk Management (Security & Compliance),Leading,Identity/SSO,Open_Critical_Vulns > 0 or Compliance_Status = 'AtRisk',uptime_30d_pct <= 99.606,Trigger security review; enforce MFA/SCIM; remediate vulns; schedule compliance gap workshop.,Correlates with risk impact and time-to-value acceleration.,uptime_30d_pct,LOWER_IS_RISK,99.60589999999999,99.72675000000001,99.843,99.9905,100.0,uptime_30d_pct <= 99.727,uptime_30d_pct <= 99.606
S171,Executive Sponsor Present,Culture,New Agile & Learning Corporate Culture,Lagging,Support System,Training_Hours_Last90d < 6 or Exec_Sponsor = False,executive_sponsor_present == False,Enroll champions in enablement; schedule QBR with exec sponsor; launch learning path and office hours.,Correlates with culture impact and time-to-value acceleration.,executive_sponsor_present,LOWER_IS_RISK,,,,,,executive_sponsor_present == False,executive_sponsor_present == False
S172,Champion Count,Culture,New Agile & Learning Corporate Culture,Lagging,CDP,Training_Hours_Last90d < 6 or Exec_Sponsor = False,stakeholder_engagement_score <= 43.900,Enroll champions in enablement; schedule QBR with exec sponsor; launch learning path and office hours.,Correlates with culture impact and time-to-value acceleration.,stakeholder_engagement_score,LOWER_IS_RISK,43.900000000000006,58.0,70.0,85.25,99.1,stakeholder_engagement_score <= 58.000,stakeholder_engagement_score <= 43.900
S173,Training Hours Last 90d,Culture,New Agile & Learning Corporate Culture,Leading,CDP,Training_Hours_Last90d < 6 or Exec_Sponsor = False,training_hours_last90d <= 2.190,Enroll champions in enablement; schedule QBR with exec sponsor; launch learning path and office hours.,Correlates with culture impact and time-to-value acceleration.,training_hours_last90d,LOWER_IS_RISK,2.1900000000000004,4.4,7.0,9.125,12.4,training_hours_last90d <= 4.400,training_hours_last90d <= 2.190
S174,Certifications Earned,Culture,New Agile & Learning Corporate Culture,Leading,Security SIEM,Training_Hours_Last90d < 6 or Exec_Sponsor = False,training_hours_last90d <= 2.190,Enroll champions in enablement; schedule QBR with exec sponsor; launch learning path and office hours.,Correlates with culture impact and time-to-value acceleration.,training_hours_last90d,LOWER_IS_RISK,2.1900000000000004,4.4,7.0,9.125,12.4,training_hours_last90d <= 4.400,training_hours_last90d <= 2.190
S175,Office Hours Attendance,Culture,New Agile & Learning Corporate Culture,Lagging,Support System,Training_Hours_Last90d < 6 or Exec_Sponsor = False,training_hours_last90d <= 2.190,Enroll champions in enablement; schedule QBR with exec sponsor; launch learning path and office hours.,Correlates with culture impact and time-to-value acceleration.,training_hours_last90d,LOWER_IS_RISK,2.1900000000000004,4.4,7.0,9.125,12.4,training_hours_last90d <= 4.400,training_hours_last90d <= 2.190
S176,QBR Cadence,Culture,New Agile & Learning Corporate Culture,Lagging,Learning LMS,Training_Hours_Last90d < 6 or Exec_Sponsor = False,qbr_last90d == False,Enroll champions in enablement; schedule QBR with exec sponsor; launch learning path and office hours.,Correlates with culture impact and time-to-value acceleration.,qbr_last90d,LOWER_IS_RISK,,,,,,qbr_last90d == False,qbr_last90d == False
S177,Joint Success Plan Updated,Culture,New Agile & Learning Corporate Culture,Lagging,Compliance Tool,Training_Hours_Last90d < 6 or Exec_Sponsor = False,training_hours_last90d <= 2.190,Enroll champions in enablement; schedule QBR with exec sponsor; launch learning path and office hours.,Correlates with culture impact and time-to-value acceleration.,training_hours_last90d,LOWER_IS_RISK,2.1900000000000004,4.4,7.0,9.125,12.4,training_hours_last90d <= 4.400,training_hours_last90d <= 2.190
S178,CSM Touches Last 14d,Culture,New Agile & Learning Corporate Culture,Leading,Marketing Automation,Training_Hours_Last90d < 6 or Exec_Sponsor = False,training_hours_last90d <= 2.190,Enroll champions in enablement; schedule QBR with exec sponsor; launch learning path and office hours.,Correlates with culture impact and time-to-value acceleration.,training_hours_last90d,LOWER_IS_RISK,2.1900000000000004,4.4,7.0,9.125,12.4,training_hours_last90d <= 4.400,training_hours_last90d <= 2.190
S179,Stakeholder Map Completeness,Culture,New Agile & Learning Corporate Culture,Lagging,CDP,Training_Hours_Last90d < 6 or Exec_Sponsor = False,stakeholder_engagement_score <= 43.900,Enroll champions in enablement; schedule QBR with exec sponsor; launch learning path and office hours.,Correlates with culture impact and time-to-value acceleration.,stakeholder_engagement_score,LOWER_IS_RISK,43.900000000000006,58.0,70.0,85.25,99.1,stakeholder_engagement_score <= 58.000,stakeholder_engagement_score <= 43.900
S180,Adoption Committee Active,Culture,New Agile & Learning Corporate Culture,Leading,CDP,Training_Hours_Last90d < 6 or Exec_Sponsor = False,adoption_rate_pct <= 17.388,Enroll champions in enablement; schedule QBR with exec sponsor; launch learning path and office hours.,Correlates with culture impact and time-to-value acceleration.,adoption_rate_pct,LOWER_IS_RISK,17.388,29.37,48.79,70.645,83.317,adoption_rate_pct <= 29.370,adoption_rate_pct <= 17.388
S181,Voice of Customer Participation,Culture,New Agile & Learning Corporate Culture,Leading,NPS/Survey,Training_Hours_Last90d < 6 or Exec_Sponsor = False,training_hours_last90d <= 2.190,Enroll champions in enablement; schedule QBR with exec sponsor; launch learning path and office hours.,Correlates with culture impact and time-to-value acceleration.,training_hours_last90d,LOWER_IS_RISK,2.1900000000000004,4.4,7.0,9.125,12.4,training_hours_last90d <= 4.400,training_hours_last90d <= 2.190
S182,Roadmap Feedback Items,Culture,New Agile & Learning Corporate Culture,Leading,CDP,Training_Hours_Last90d < 6 or Exec_Sponsor = False,training_hours_last90d <= 2.190,Enroll champions in enablement; schedule QBR with exec sponsor; launch learning path and office hours.,Correlates with culture impact and time-to-value acceleration.,training_hours_last90d,LOWER_IS_RISK,2.1900000000000004,4.4,7.0,9.125,12.4,training_hours_last90d <= 4.400,training_hours_last90d <= 2.190
S183,Internal Comms Open Rate,Culture,New Agile & Learning Corporate Culture,Leading,Usage Analytics,Training_Hours_Last90d < 6 or Exec_Sponsor = False,training_hours_last90d <= 2.190,Enroll champions in enablement; schedule QBR with exec sponsor; launch learning path and office hours.,Correlates with culture impact and time-to-value acceleration.,training_hours_last90d,LOWER_IS_RISK,2.1900000000000004,4.4,7.0,9.125,12.4,training_hours_last90d <= 4.400,training_hours_last90d <= 2.190
S184,Enablement NPS,Culture,New Agile & Learning Corporate Culture,Leading,NPS/Survey,Training_Hours_Last90d < 6 or Exec_Sponsor = False,training_hours_last90d <= 2.190,Enroll champions in enablement; schedule QBR with exec sponsor; launch learning path and office hours.,Correlates with culture impact and time-to-value acceleration.,training_hours_last90d,LOWER_IS_RISK,2.1900000000000004,4.4,7.0,9.125,12.4,training_hours_last90d <= 4.400,training_hours_last90d <= 2.190
S185,Community Posts/Month,Culture,New Agile & Learning Corporate Culture,Lagging,Compliance Tool,Training_Hours_Last90d < 6 or Exec_Sponsor = False,stakeholder_engagement_score <= 43.900,Enroll champions in enablement; schedule QBR with exec sponsor; launch learning path and office hours.,Correlates with culture impact and time-to-value acceleration.,stakeholder_engagement_score,LOWER_IS_RISK,43.900000000000006,58.0,70.0,85.25,99.1,stakeholder_engagement_score <= 58.000,stakeholder_engagement_score <= 43.900
S186,Shadow IT Requests,Culture,New Agile & Learning Corporate Culture,Leading,Usage Analytics,Training_Hours_Last90d < 6 or Exec_Sponsor = False,training_hours_last90d <= 2.190,Enroll champions in enablement; schedule QBR with exec sponsor; launch learning path and office hours.,Correlates with culture impact and time-to-value acceleration.,training_hours_last90d,LOWER_IS_RISK,2.1900000000000004,4.4,7.0,9.125,12.4,training_hours_last90d <= 4.400,training_hours_last90d <= 2.190
S187,Pilot Cohort Active,Culture,New Agile & Learning Corporate Culture,Lagging,CRM,Training_Hours_Last90d < 6 or Exec_Sponsor = False,training_hours_last90d <= 2.190,Enroll champions in enablement; schedule QBR with exec sponsor; launch learning path and office hours.,Correlates with culture impact and time-to-value acceleration.,training_hours_last90d,LOWER_IS_RISK,2.1900000000000004,4.4,7.0,9.125,12.4,training_hours_last90d <= 4.400,training_hours_last90d <= 2.190
S188,OKRs Aligned,Culture,New Agile & Learning Corporate Culture,Lagging,Identity/SSO,Training_Hours_Last90d < 6 or Exec_Sponsor = False,training_hours_last90d <= 2.190,Enroll champions in enablement; schedule QBR with exec sponsor; launch learning path and office hours.,Correlates with culture impact and time-to-value acceleration.,training_hours_last90d,LOWER_IS_RISK,2.1900000000000004,4.4,7.0,9.125,12.4,training_hours_last90d <= 4.400,training_hours_last90d <= 2.190
S189,Change Readiness Score,Culture,New Agile & Learning Corporate Culture,Lagging,NPS/Survey,Training_Hours_Last90d < 6 or Exec_Sponsor = False,training_hours_last90d <= 2.190,Enroll champions in enablement; schedule QBR with exec sponsor; launch learning path and office hours.,Correlates with culture impact and time-to-value acceleration.,training_hours_last90d,LOWER_IS_RISK,2.1900000000000004,4.4,7.0,9.125,12.4,training_hours_last90d <= 4.400,training_hours_last90d <= 2.190
S190,Escalation Heat Index,Culture,New Agile & Learning Corporate Culture,Leading,Billing,Training_Hours_Last90d < 6 or Exec_Sponsor = False,training_hours_last90d <= 2.190,Enroll champions in enablement; schedule QBR with exec sponsor; launch learning path and office hours.,Correlates with culture impact and time-to-value acceleration.,training_hours_last90d,LOWER_IS_RISK,2.1900000000000004,4.4,7.0,9.125,12.4,training_hours_last90d <= 4.400,training_hours_last90d <= 2.190
S191,Culture Signal 21,Culture,New Agile & Learning Corporate Culture,Lagging,Learning LMS,Training_Hours_Last90d < 6 or Exec_Sponsor = False,training_hours_last90d <= 2.190,Enroll champions in enablement; schedule QBR with exec sponsor; launch learning path and office hours.,Correlates with culture impact and time-to-value acceleration.,training_hours_last90d,LOWER_IS_RISK,2.1900000000000004,4.4,7.0,9.125,12.4,training_hours_last90d <= 4.400,training_hours_last90d <= 2.190
S192,Culture Signal 22,Culture,New Agile & Learning Corporate Culture,Lagging,Product Telemetry,Training_Hours_Last90d < 6 or Exec_Sponsor = False,training_hours_last90d <= 2.190,Enroll champions in enablement; schedule QBR with exec sponsor; launch learning path and office hours.,Correlates with culture impact and time-to-value acceleration.,training_hours_last90d,LOWER_IS_RISK,2.1900000000000004,4.4,7.0,9.125,12.4,training_hours_last90d <= 4.400,training_hours_last90d <= 2.190
S193,Culture Signal 23,Culture,New Agile & Learning Corporate Culture,Leading,Security SIEM,Training_Hours_Last90d < 6 or Exec_Sponsor = False,training_hours_last90d <= 2.190,Enroll champions in enablement; schedule QBR with exec sponsor; launch learning path and office hours.,Correlates with culture impact and time-to-value acceleration.,training_hours_last90d,LOWER_IS_RISK,2.1900000000000004,4.4,7.0,9.125,12.4,training_hours_last90d <= 4.400,training_hours_last90d <= 2.190
S194,Culture Signal 24,Culture,New Agile & Learning Corporate Culture,Leading,Marketing Automation,Training_Hours_Last90d < 6 or Exec_Sponsor = False,training_hours_last90d <= 2.190,Enroll champions in enablement; schedule QBR with exec sponsor; launch learning path and office hours.,Correlates with culture impact and time-to-value acceleration.,training_hours_last90d,LOWER_IS_RISK,2.1900000000000004,4.4,7.0,9.125,12.4,training_hours_last90d <= 4.400,training_hours_last90d <= 2.190
S195,Culture Signal 25,Culture,New Agile & Learning Corporate Culture,Lagging,Support System,Training_Hours_Last90d < 6 or Exec_Sponsor = False,training_hours_last90d <= 2.190,Enroll champions in enablement; schedule QBR with exec sponsor; launch learning path and office hours.,Correlates with culture impact and time-to-value acceleration.,training_hours_last90d,LOWER_IS_RISK,2.1900000000000004,4.4,7.0,9.125,12.4,training_hours_last90d <= 4.400,training_hours_last90d <= 2.190
S196,Culture Signal 26,Culture,New Agile & Learning Corporate Culture,Lagging,Identity/SSO,Training_Hours_Last90d < 6 or Exec_Sponsor = False,training_hours_last90d <= 2.190,Enroll champions in enablement; schedule QBR with exec sponsor; launch learning path and office hours.,Correlates with culture impact and time-to-value acceleration.,training_hours_last90d,LOWER_IS_RISK,2.1900000000000004,4.4,7.0,9.125,12.4,training_hours_last90d <= 4.400,training_hours_last90d <= 2.190
S197,Culture Signal 27,Culture,New Agile & Learning Corporate Culture,Lagging,Identity/SSO,Training_Hours_Last90d < 6 or Exec_Sponsor = False,training_hours_last90d <= 2.190,Enroll champions in enablement; schedule QBR with exec sponsor; launch learning path and office hours.,Correlates with culture impact and time-to-value acceleration.,training_hours_last90d,LOWER_IS_RISK,2.1900000000000004,4.4,7.0,9.125,12.4,training_hours_last90d <= 4.400,training_hours_last90d <= 2.190
S198,Culture Signal 28,Culture,New Agile & Learning Corporate Culture,Leading,Billing,Training_Hours_Last90d < 6 or Exec_Sponsor = False,training_hours_last90d <= 2.190,Enroll champions in enablement; schedule QBR with exec sponsor; launch learning path and office hours.,Correlates with culture impact and time-to-value acceleration.,training_hours_last90d,LOWER_IS_RISK,2.1900000000000004,4.4,7.0,9.125,12.4,training_hours_last90d <= 4.400,training_hours_last90d <= 2.190
S199,Culture Signal 29,Culture,New Agile & Learning Corporate Culture,Leading,CDP,Training_Hours_Last90d < 6 or Exec_Sponsor = False,training_hours_last90d <= 2.190,Enroll champions in enablement; schedule QBR with exec sponsor; launch learning path and office hours.,Correlates with culture impact and time-to-value acceleration.,training_hours_last90d,LOWER_IS_RISK,2.1900000000000004,4.4,7.0,9.125,12.4,training_hours_last90d <= 4.400,training_hours_last90d <= 2.190
S200,Culture Signal 30,Culture,New Agile & Learning Corporate Culture,Leading,Identity/SSO,Training_Hours_Last90d < 6 or Exec_Sponsor = False,training_hours_last90d <= 2.190,Enroll champions in enablement; schedule QBR with exec sponsor; launch learning path and office hours.,Correlates with culture impact and time-to-value acceleration.,training_hours_last90d,LOWER_IS_RISK,2.1900000000000004,4.4,7.0,9.125,12.4,training_hours_last90d <= 4.400,training_hours_last90d <= 2.190
